method,baseline,target,n_stars,point_mae_original_labels,point_mae_difference_vs_source,sensitivity_mae_median,sensitivity_mae_ci_lower,sensitivity_mae_ci_upper,sensitivity_difference_median,sensitivity_difference_ci_lower,sensitivity_difference_ci_upper,fraction_difference_below_zero,replicates,confidence,assumption,scope
coral_unlabeled,source_only,feh,1088,0.39326723455902074,0.14364953024041363,0.39370466336899584,0.3738572922812073,0.4147100996721068,0.14192112868603976,0.13602545147100703,0.14745608751162828,0.0,1000,0.95,independent_unbiased_gaussian_formal_errors,formal_error_sensitivity_not_independent_label_validation
source_only,source_only,feh,1088,0.2496177043186071,0.0,0.2516807462327366,0.23267534206920892,0.2722611077697394,0.0,0.0,0.0,0.0,1000,0.95,independent_unbiased_gaussian_formal_errors,formal_error_sensitivity_not_independent_label_validation
source_plus_target_retrained,source_only,feh,1088,0.09985769752432982,-0.14976000679427728,0.10474007612538734,0.09865636227880274,0.11177043832519355,-0.1468375058736583,-0.1644520638871133,-0.13092838018534703,1.0,1000,0.95,independent_unbiased_gaussian_formal_errors,formal_error_sensitivity_not_independent_label_validation
coral_unlabeled,source_only,logg,1088,0.26367048402246107,0.00414275889937743,0.27875543014381443,0.2617232886409267,0.29735840502430205,0.0016800658401274204,-0.007036508591219165,0.010433396272641237,0.342,1000,0.95,independent_unbiased_gaussian_formal_errors,formal_error_sensitivity_not_independent_label_validation
source_only,source_only,logg,1088,0.25952772512308364,0.0,0.2770895189260979,0.25796429834020806,0.2980148331885437,0.0,0.0,0.0,0.0,1000,0.95,independent_unbiased_gaussian_formal_errors,formal_error_sensitivity_not_independent_label_validation
source_plus_target_retrained,source_only,logg,1088,0.15329935405016165,-0.10622837107292199,0.18012636837029877,0.1685515976532382,0.19188636845650361,-0.09715081873122398,-0.11176104076183883,-0.0835302329989688,1.0,1000,0.95,independent_unbiased_gaussian_formal_errors,formal_error_sensitivity_not_independent_label_validation
coral_unlabeled,source_only,teff,1088,113.453189736067,4.038440025460545,135.87377153780463,129.65101186755174,142.80174029840657,2.359527290063184,-1.7781086316442098,6.414503380380296,0.123,1000,0.95,independent_unbiased_gaussian_formal_errors,formal_error_sensitivity_not_independent_label_validation
source_only,source_only,teff,1088,109.41474971060646,0.0,133.50388352029825,127.04549378287109,140.71687941628733,0.0,0.0,0.0,0.0,1000,0.95,independent_unbiased_gaussian_formal_errors,formal_error_sensitivity_not_independent_label_validation
source_plus_target_retrained,source_only,teff,1088,78.39670872324793,-31.018040987358532,109.99465446982069,104.48827173039842,115.53973956439529,-23.668457599511413,-27.7217360116859,-19.769431347525433,1.0,1000,0.95,independent_unbiased_gaussian_formal_errors,formal_error_sensitivity_not_independent_label_validation
