method,target,support_definition,supported_stars,full_target_stars,retained_fraction,source_teff_min,source_teff_max,source_logg_min,source_logg_max,source_feh_min,source_feh_max,n,bias,mae,rmse,scatter,r2
coral_unlabeled,feh,joint_source_train_rectangular_minmax,918,1088,0.84375,4024.352783203125,5321.3671875,0.977239191532135,3.703707456588745,-1.0106744766235352,0.3558482527732849,918,0.27448404873516413,0.27761867118891953,0.31535880104881836,0.14138376171338607,-0.1349714215094695
coral_unlabeled,logg,joint_source_train_rectangular_minmax,918,1088,0.84375,4024.352783203125,5321.3671875,0.977239191532135,3.703707456588745,-1.0106744766235352,0.3558482527732849,918,-0.025222282486716804,0.1882292701412715,0.23535421606763846,0.24694918728381396,0.7514480845648299
coral_unlabeled,teff,joint_source_train_rectangular_minmax,918,1088,0.84375,4024.352783203125,5321.3671875,0.977239191532135,3.703707456588745,-1.0106744766235352,0.3558482527732849,918,-30.509662529883727,91.2819255727464,113.18590200923778,111.06681853399652,0.7050136395715778
source_only,feh,joint_source_train_rectangular_minmax,918,1088,0.84375,4024.352783203125,5321.3671875,0.977239191532135,3.703707456588745,-1.0106744766235352,0.3558482527732849,918,0.09621826991879544,0.1289163882952462,0.17279929008409906,0.11841222660053781,0.6592319081675536
source_only,logg,joint_source_train_rectangular_minmax,918,1088,0.84375,4024.352783203125,5321.3671875,0.977239191532135,3.703707456588745,-1.0106744766235352,0.3558482527732849,918,0.09604276878825531,0.1634270099195541,0.21493736610110672,0.17287510996864622,0.7927011014815999
source_only,teff,joint_source_train_rectangular_minmax,918,1088,0.84375,4024.352783203125,5321.3671875,0.977239191532135,3.703707456588745,-1.0106744766235352,0.3558482527732849,918,27.910002226209357,82.03165071020624,103.4438323911198,98.21731946215907,0.7536080770479856
source_plus_target_retrained,feh,joint_source_train_rectangular_minmax,918,1088,0.84375,4024.352783203125,5321.3671875,0.977239191532135,3.703707456588745,-1.0106744766235352,0.3558482527732849,918,-0.010998873503363543,0.0725655779871638,0.09754725347853851,0.08306508660298681,0.8914061810063124
source_plus_target_retrained,logg,joint_source_train_rectangular_minmax,918,1088,0.84375,4024.352783203125,5321.3671875,0.977239191532135,3.703707456588745,-1.0106744766235352,0.3558482527732849,918,-0.010097546572263175,0.11204616307979884,0.14739549270451405,0.1306059700789659,0.902514156094318
source_plus_target_retrained,teff,joint_source_train_rectangular_minmax,918,1088,0.84375,4024.352783203125,5321.3671875,0.977239191532135,3.703707456588745,-1.0106744766235352,0.3558482527732849,918,-0.6013115241586318,61.92357607492032,81.11926827732272,74.05106037486246,0.8484816221365452
