model,seed,noise_factor,approximate_median_snr,target,n,bias,mae,rmse,scatter,r2,clean_mae,mae_change_percent,wilcoxon_p,significant_at_0.05,source_only_mae,mae_vs_source_percent,model_comparison_p,significant_improvement_vs_source,extreme_pixels_masked
source_only,2026,1.25,18.165693283081055,teff,91,8.520276115892248,136.9947181159501,199.2932403329987,156.58550362108485,0.9544245439600695,122.6261615068485,11.717366369899063,0.0031511222140196762,True,136.9947181159501,0.0,1.0,False,76
source_only,2026,1.25,18.165693283081055,logg,91,0.008718239996896084,0.2157197172694154,0.32602633830200994,0.23910256675762057,0.4371911165302723,0.2164946940060935,-0.357965695296103,0.43091709511430887,False,0.2157197172694154,0.0,1.0,False,76
source_only,2026,1.25,18.165693283081055,feh,91,0.016197555084253152,0.20577359962551273,0.2715933775559016,0.22771676352281392,0.6778121040102827,0.20761534224409892,-0.8870936987020905,0.5162759587509973,False,0.20577359962551273,0.0,1.0,False,76
noise_augmented,2026,1.25,18.165693283081055,teff,91,18.181658096816545,129.16865624228663,187.05564250644116,134.21475576489084,0.9598498185418606,120.39389380676509,7.288378303973819,0.03558411826191622,True,136.9947181159501,-5.712674168240273,0.08657037599541084,False,76
noise_augmented,2026,1.25,18.165693283081055,logg,91,0.015931647552238793,0.21533609806290466,0.32985218197588456,0.21642447806734602,0.4239047508946454,0.21683235833583733,-0.6900539589276722,0.7817390922859389,False,0.2157197172694154,-0.1778322405418531,1.0,False,76
noise_augmented,2026,1.25,18.165693283081055,feh,91,0.022842709949004916,0.20341623446552137,0.2655438068966864,0.23332652181460076,0.6920053144068968,0.2047007752661985,-0.6275212192072499,0.7098607180884753,False,0.20577359962551273,-1.1456110814416998,0.8898241639449141,False,76
source_only,2026,1.5,15.138077735900879,teff,91,4.445660800584107,147.82335770715324,211.76557547848898,163.5496311781631,0.9485415605298407,122.6261615068485,20.54797760174325,0.00034109803073852963,True,147.82335770715324,0.0,1.0,False,125
source_only,2026,1.5,15.138077735900879,logg,91,0.0054460052136100405,0.21825620942172577,0.33064630529508865,0.2408708400188052,0.4211274985147726,0.2164946940060935,0.8136529274859194,0.9463552953036335,False,0.21825620942172577,0.0,1.0,False,125
source_only,2026,1.5,15.138077735900879,feh,91,0.01221973415432872,0.20620950708143612,0.27298205948502274,0.22546125913831414,0.6745089281091032,0.20761534224409892,-0.677134525544798,0.6777172755542011,False,0.20620950708143612,0.0,1.0,False,125
noise_augmented,2026,1.5,15.138077735900879,teff,91,13.911640537695078,139.4604946028602,197.93219316665008,146.1600737680536,0.9550449215616624,120.39389380676509,15.836850352807286,0.002337426993009224,True,147.82335770715324,-5.657335372438476,0.07954154988191085,False,125
noise_augmented,2026,1.5,15.138077735900879,logg,91,0.012807342757453807,0.21721881101463314,0.335779320182233,0.2177272504229278,0.4030149407616995,0.21683235833583733,0.17822647955396675,0.7455229726089765,False,0.21825620942172577,-0.47531220753866954,0.5795057374620387,False,125
noise_augmented,2026,1.5,15.138077735900879,feh,91,0.017191048002418004,0.20581121419990484,0.26685129305783356,0.2433416601360032,0.6889648353298432,0.2047007752661985,0.5424693346970821,0.8617492607833667,False,0.20620950708143612,-0.19314962106669054,0.7756677190166972,False,125
source_only,2026,2.0,11.353558540344238,teff,91,-0.6764689060536322,171.06151830428684,239.12358688072013,173.90669842724722,0.934386875529956,122.6261615068485,39.49838778467618,2.893410009767876e-06,True,171.06151830428684,0.0,1.0,False,279
source_only,2026,2.0,11.353558540344238,logg,91,0.0022731579223393777,0.22011131383560525,0.33869175868889934,0.2127396266030074,0.3926139270822083,0.2164946940060935,1.6705350891463189,0.9778971635173507,False,0.22011131383560525,0.0,1.0,False,279
source_only,2026,2.0,11.353558540344238,feh,91,0.0006931968983227688,0.21003618943108185,0.2784441225935391,0.23432045651678876,0.6613531977017648,0.20761534224409892,1.166025189090636,0.8617492607833667,False,0.21003618943108185,0.0,1.0,False,279
noise_augmented,2026,2.0,11.353558540344238,teff,91,9.672944689628512,156.67554378367,222.32665201117746,169.1944359421242,0.9432809507781551,120.39389380676509,30.135789141547153,7.560972687722479e-05,True,171.06151830428684,-8.409825110418367,0.002698974661096802,True,279
noise_augmented,2026,2.0,11.353558540344238,logg,91,0.0056749910609624745,0.22491431450254304,0.35223987278128627,0.21443377809437425,0.343049568306816,0.21683235833583733,3.727283247174795,0.39260225993394005,False,0.22011131383560525,2.182078050983338,0.3543680409800848,False,279
noise_augmented,2026,2.0,11.353558540344238,feh,91,0.0064655233067249405,0.2070579030624621,0.26914905333751105,0.23610681931594285,0.6835853508766553,0.2047007752661985,1.1514992032630733,0.9810540686128023,False,0.21003618943108185,-1.4179872414782135,0.5633625160778162,False,279
source_only,2026,2.5,9.082846641540527,teff,91,-2.1504053505697494,201.21807492322554,275.8398059128671,214.92006127667395,0.9126908493858209,122.6261615068485,64.09065769541175,3.290417779358419e-08,True,201.21807492322554,0.0,1.0,False,629
source_only,2026,2.5,9.082846641540527,logg,91,-0.005798250635464713,0.22353419146694964,0.34859494583254935,0.21297903259396334,0.35657527825489777,0.2164946940060935,3.2515796718131096,0.7908710351882079,False,0.22353419146694964,0.0,1.0,False,629
source_only,2026,2.5,9.082846641540527,feh,91,-0.013604715333043318,0.2157495400287339,0.2872995759092048,0.2400523888464786,0.6394704732454699,0.20761534224409892,3.9179174798514627,0.5714070053952209,False,0.2157495400287339,0.0,1.0,False,629
noise_augmented,2026,2.5,9.082846641540527,teff,91,2.649067654787794,182.50151373704625,254.30494828641153,172.90704094397262,0.9257911831136054,120.39389380676509,51.58701821702461,1.6428591113480225e-06,True,201.21807492322554,-9.30163018074821,0.002075219006569942,True,629
noise_augmented,2026,2.5,9.082846641540527,logg,91,-0.0031747575849841577,0.22839731330705632,0.3624917954943932,0.21834284826369443,0.3042520524007052,0.21683235833583733,5.333592762620221,0.4640388184877223,False,0.22353419146694964,2.175560619246797,0.3282708313150524,False,629
noise_augmented,2026,2.5,9.082846641540527,feh,91,-0.0075584321228441866,0.21270550868319,0.2759226785542624,0.2377905647377081,0.6674586440152623,0.2047007752661985,3.9104558380797183,0.7425289641190878,False,0.2157495400287339,-1.4109097730352071,0.4985316452539773,False,629
source_only,2026,3.0,7.5690388679504395,teff,91,5.723789909837896,229.3059242086446,303.91184668436796,264.64888590349955,0.8940157953403745,122.6261615068485,86.99592435325326,7.162364913495123e-10,True,229.3059242086446,0.0,1.0,False,1291
source_only,2026,3.0,7.5690388679504395,logg,91,-0.0163183613094218,0.22985216606449296,0.36232560245769274,0.19279209619056895,0.30488987074202234,0.2164946940060935,6.169884264241365,0.5931220260438637,False,0.22985216606449296,0.0,1.0,False,1291
source_only,2026,3.0,7.5690388679504395,feh,91,-0.03528822332613935,0.22526147594650373,0.30048682465017323,0.22694693931730298,0.605613775188237,0.20761534224409892,8.499436270782802,0.2712023711107139,False,0.22526147594650373,0.0,1.0,False,1291
noise_augmented,2026,3.0,7.5690388679504395,teff,91,7.796951334859126,204.07244537398236,275.7826403813214,212.21772053765693,0.9127270338430107,120.39389380676509,69.50398306871213,1.996426887624945e-08,True,229.3059242086446,-11.00428561614587,0.0005107745290917369,True,1291
noise_augmented,2026,3.0,7.5690388679504395,logg,91,-0.015569953951752586,0.23318907060957195,0.37435922386049625,0.23798719252917067,0.2579508916499115,0.21683235833583733,7.543483084937352,0.6433106147028549,False,0.22985216606449296,1.4517611916446738,0.587657928623154,False,1291
noise_augmented,2026,3.0,7.5690388679504395,feh,91,-0.024442966862999852,0.2195138243529611,0.2825860446191294,0.23856553707405928,0.6512033622447437,0.2047007752661985,7.23644014904159,0.28881772032771225,False,0.22526147594650373,-2.551546627931889,0.18097070707102325,False,1291
source_only,2027,1.25,18.165693283081055,teff,91,13.318495607480909,128.04034623589712,190.80880824168622,122.43502037060733,0.9582224734270881,122.6261615068485,4.415195470948707,0.6893417679098939,False,128.04034623589712,0.0,1.0,False,70
source_only,2027,1.25,18.165693283081055,logg,91,0.005527538016383756,0.210325109909524,0.30674619774180023,0.23563672789496673,0.5017882711120358,0.2164946940060935,-2.849762265488065,0.11070416698023205,False,0.210325109909524,0.0,1.0,False,70
source_only,2027,1.25,18.165693283081055,feh,91,0.02292175439820133,0.20266636574034727,0.2663901837476994,0.2422481677983852,0.6900388214833599,0.20761534224409892,-2.3837238858451015,0.08022286574151545,False,0.20266636574034727,0.0,1.0,False,70
noise_augmented,2027,1.25,18.165693283081055,teff,91,16.0331825421792,125.13396107220237,185.04546864795358,120.49709289262903,0.9607081212322459,120.39389380676509,3.9371326199027834,0.45204978161329856,False,128.04034623589712,-2.269897926033504,0.19971585750214682,False,70
noise_augmented,2027,1.25,18.165693283081055,logg,91,0.013650294567638995,0.21260193254921483,0.3171875019733623,0.21856207094995483,0.4672938576611435,0.21683235833583733,-1.9510122101196181,0.20250550338589868,False,0.210325109909524,1.082525353568231,0.7010400595535164,False,70
noise_augmented,2027,1.25,18.165693283081055,feh,91,0.0296637074386302,0.19933636098040922,0.2617904640524635,0.23352563566165646,0.7006505155372281,0.2047007752661985,-2.6206125886984344,0.06398276031225163,False,0.20266636574034727,-1.643096893642626,0.3401568798092366,False,70
source_only,2027,1.5,15.138077735900879,teff,91,7.534793852082762,136.95997090769336,202.05269561569617,143.94493450671234,0.9531537120349516,122.6261615068485,11.689030484774921,0.2258497200890126,False,136.95997090769336,0.0,1.0,False,133
source_only,2027,1.5,15.138077735900879,logg,91,0.0011747938973125209,0.21112404167979634,0.30528542287730703,0.2366729616974595,0.5065221017820312,0.2164946940060935,-2.4807316183675154,0.444941235333586,False,0.21112404167979634,0.0,1.0,False,133
source_only,2027,1.5,15.138077735900879,feh,91,0.018908856912106125,0.20116621102176566,0.26550742817225526,0.24184534389899237,0.6920896973675517,0.20761534224409892,-3.106288366083676,0.06119422273824006,False,0.20116621102176566,0.0,1.0,False,133
noise_augmented,2027,1.5,15.138077735900879,teff,91,10.622710142925277,131.10412876249322,193.69879203672863,128.0230869085202,0.9569473676240537,120.39389380676509,8.895995151480275,0.24457628351326088,False,136.95997090769336,-4.275586586643476,0.07235319798474231,False,133
noise_augmented,2027,1.5,15.138077735900879,logg,91,0.008579703022817648,0.21519240204023796,0.31845202915865495,0.2167138517422096,0.4630379260542211,0.21683235833583733,-0.7563245210197578,0.7455229726089765,False,0.21112404167979634,1.927000036600246,0.5265606402197405,False,133
noise_augmented,2027,1.5,15.138077735900879,feh,91,0.02883103108900818,0.19785759965726785,0.26079221955439874,0.24456688631645193,0.7029290878118464,0.2047007752661985,-3.343014016449919,0.05591871981716983,False,0.20116621102176566,-1.6447152569473156,0.44730363997249656,False,133
source_only,2027,2.0,11.353558540344238,teff,91,1.8204508597683284,157.29782158820166,225.7331250918892,165.09981085637693,0.9415295448882044,122.6261615068485,28.274276594245997,0.004268472538708416,True,157.29782158820166,0.0,1.0,False,316
source_only,2027,2.0,11.353558540344238,logg,91,-0.008413727086979243,0.21316354211215144,0.308601416178479,0.21665937600314766,0.49574362132896244,0.2164946940060935,-1.538675998150929,0.6661690116824539,False,0.21316354211215144,0.0,1.0,False,316
source_only,2027,2.0,11.353558540344238,feh,91,0.005871743408451568,0.204362358343499,0.27030600890581113,0.23955921735126015,0.68085924435234,0.20761534224409892,-1.5668321355438608,0.45922208400453535,False,0.204362358343499,0.0,1.0,False,316
noise_augmented,2027,2.0,11.353558540344238,teff,91,3.056648310622847,148.8749681808975,214.39074452285752,137.40552698132743,0.94725783524877,120.39389380676509,23.656577151533263,0.02192714579471298,True,157.29782158820166,-5.354717136105547,0.11159198296337387,False,316
noise_augmented,2027,2.0,11.353558540344238,logg,91,-0.0001798213897173561,0.2162802553203081,0.31575786287581914,0.21141349546066632,0.4720851008143626,0.21683235833583733,-0.2546220590720738,0.8524278398747178,False,0.21316354211215144,1.4621230146930397,0.4860585137630852,False,316
noise_augmented,2027,2.0,11.353558540344238,feh,91,0.01635933707335393,0.20099509342300598,0.2649438968615047,0.22876241831992417,0.6933953704727598,0.2047007752661985,-1.810292041333772,0.40142663267467904,False,0.204362358343499,-1.6476933168060315,0.5291480630342354,False,316
source_only,2027,2.5,9.082846641540527,teff,91,5.0018130739093785,183.32628509745084,259.52626041089434,180.25224030248586,0.9227126344691156,122.6261615068485,49.50014160494807,7.733438719784082e-06,True,183.32628509745084,0.0,1.0,False,676
source_only,2027,2.5,9.082846641540527,logg,91,-0.013338978079867378,0.22057551715509374,0.31575189742531345,0.21083466993308175,0.4721050478739547,0.2164946940060935,1.884952962812747,0.521405249693154,False,0.22057551715509374,0.0,1.0,False,676
source_only,2027,2.5,9.082846641540527,feh,91,-0.009945926075521852,0.20507763614406818,0.27012217008978906,0.2569115084428036,0.6812932007235588,0.20761534224409892,-1.2223114499154364,0.7605498964482913,False,0.20507763614406818,0.0,1.0,False,676
noise_augmented,2027,2.5,9.082846641540527,teff,91,-0.7309358537276699,170.07503441767986,242.48795208824419,155.32103935058845,0.9325275907986011,120.39389380676509,41.26549863953575,0.00022887294404909205,True,183.32628509745084,-7.2282328050922935,0.01646278175790744,True,676
noise_augmented,2027,2.5,9.082846641540527,logg,91,-0.007518390568185035,0.22099364133370222,0.31659362592550033,0.22773707110086183,0.4692867814165844,0.21683235833583733,1.9191245392533807,0.6433106147028549,False,0.22057551715509374,0.1895605568565717,0.7726371406067308,False,676
noise_augmented,2027,2.5,9.082846641540527,feh,91,0.0032079696702567114,0.2012109578239851,0.263795861373804,0.24684099789095448,0.6960467271140603,0.2047007752661985,-1.7048384099548008,0.6124271169568892,False,0.20507763614406818,-1.8854704943871647,0.3969996554023022,False,676
source_only,2027,3.0,7.5690388679504395,teff,91,2.7887721638102057,205.7211587613845,278.64942166601105,198.2203290032286,0.9109031852450901,122.6261615068485,67.7628625355734,2.939101810079679e-08,True,205.7211587613845,0.0,1.0,False,1315
source_only,2027,3.0,7.5690388679504395,logg,91,-0.021027628841636056,0.22114495298910503,0.3169094307203957,0.22851288714039503,0.4682274715789817,0.2164946940060935,2.147978270026618,0.5086313683418362,False,0.22114495298910503,0.0,1.0,False,1315
source_only,2027,3.0,7.5690388679504395,feh,91,-0.02701864538631358,0.20497504755318202,0.2726528201821962,0.24451300501247797,0.6752935938055931,0.20761534224409892,-1.2717242677627527,0.9873687195640669,False,0.20497504755318202,0.0,1.0,False,1315
noise_augmented,2027,3.0,7.5690388679504395,teff,91,-3.9707224508993373,186.9809741811228,259.6683802331237,171.89599244329244,0.9226279642385309,120.39389380676509,55.30768901056682,9.825385632647905e-06,True,205.7211587613845,-9.10950759420832,0.00148193281599882,True,1315
noise_augmented,2027,3.0,7.5690388679504395,logg,91,-0.01245472534377505,0.2153286502678969,0.30383719604005777,0.22996137643861436,0.5111929621983771,0.21683235833583733,-0.6934887760670083,0.7276181074473231,False,0.22114495298910503,-2.630086123419084,0.2011071516927524,False,1315
noise_augmented,2027,3.0,7.5690388679504395,feh,91,-0.006539106915326257,0.19907847446688387,0.264637502280088,0.2442761527195004,0.694104106764388,0.2047007752661985,-2.7465947757175035,0.6348235316089395,False,0.20497504755318202,-2.8767272683609235,0.2960751241603151,False,1315
source_only,2028,1.25,18.165693283081055,teff,91,26.24707620809335,129.67149260244963,192.50697068783805,130.54852051684674,0.9574755401375613,122.6261615068485,5.745373588333069,0.14634832852479024,False,129.67149260244963,0.0,1.0,False,82
source_only,2028,1.25,18.165693283081055,logg,91,0.002990047105284337,0.22052298721703842,0.32690400967596106,0.22467693047040985,0.4341568455762299,0.2164946940060935,1.8606891173192253,0.4664576941582369,False,0.22052298721703842,0.0,1.0,False,82
source_only,2028,1.25,18.165693283081055,feh,91,0.007199326458448686,0.20631503300382076,0.2745912272676316,0.23313538676850531,0.6706602246465203,0.20761534224409892,-0.6263069126892118,0.5931220260438637,False,0.20631503300382076,0.0,1.0,False,82
noise_augmented,2028,1.25,18.165693283081055,teff,91,28.73982492635519,128.74288524675194,187.24922279006924,136.58093233733183,0.9597666742420845,120.39389380676509,6.934729973421372,0.038825940863307026,True,129.67149260244963,-0.7161229789685919,0.7157629187279624,False,82
noise_augmented,2028,1.25,18.165693283081055,logg,91,0.007960443317234936,0.2205989631621828,0.3332968357940277,0.23342254033020948,0.4118095723277765,0.21683235833583733,1.7371045794335016,0.4935220629530699,False,0.22052298721703842,0.03445261924990284,0.9873687195640669,False,82
noise_augmented,2028,1.25,18.165693283081055,feh,91,0.016010240709742846,0.2064480068736099,0.2731156025930973,0.2353790482635939,0.6741903890699769,0.2047007752661985,0.8535539765978983,0.867974339318635,False,0.20631503300382076,0.06445185687786736,0.9054835815489056,False,82
source_only,2028,1.5,15.138077735900879,teff,91,24.573649854275548,136.76461826534066,198.50518620879518,140.3942688818417,0.9547842642984513,122.6261615068485,11.529723009149674,0.02285822820485674,True,136.76461826534066,0.0,1.0,False,125
source_only,2028,1.5,15.138077735900879,logg,91,-0.0022721432285868304,0.22259283580404496,0.32889270822575933,0.22741158662003022,0.4272513672421957,0.2164946940060935,2.816762704484499,0.39260225993394005,False,0.22259283580404496,0.0,1.0,False,125
source_only,2028,1.5,15.138077735900879,feh,91,-0.003121841811136664,0.20970974458996466,0.2811408755823801,0.22733459835136535,0.6547617911333757,0.20761534224409892,1.0087897759517794,0.9778971635173507,False,0.20970974458996466,0.0,1.0,False,125
noise_augmented,2028,1.5,15.138077735900879,teff,91,28.244121336772807,136.54143528619005,195.58720267425142,127.24780353991467,0.9561038170919669,120.39389380676509,13.412259516535062,0.006018225940840005,True,136.76461826534066,-0.16318765919238754,0.5714070053952209,False,125
noise_augmented,2028,1.5,15.138077735900879,logg,91,0.0019721955760710593,0.22345581124586528,0.3384828063326619,0.22771304503340073,0.39336313693724334,0.21683235833583733,3.0546422871854384,0.36684306779162745,False,0.22259283580404496,0.3876923705577129,0.9463552953036335,False,125
noise_augmented,2028,1.5,15.138077735900879,feh,91,0.00830320149356633,0.2097152135891612,0.2777569811428514,0.22145590484855746,0.6630225533174994,0.2047007752661985,2.449643054083106,0.8245920150122557,False,0.20970974458996466,0.0026078898752279756,0.955811285267202,False,125
source_only,2028,2.0,11.353558540344238,teff,91,27.36152305072052,155.54089772206942,219.95208539280472,177.75123026086854,0.9444860597102868,122.6261615068485,26.841528602673147,0.00035693880059991075,True,155.54089772206942,0.0,1.0,False,328
source_only,2028,2.0,11.353558540344238,logg,91,-0.01661495936659222,0.22892164521383263,0.33958446937529435,0.20961224660837144,0.3894078578143634,0.2164946940060935,5.740071951781567,0.37318199467082636,False,0.22892164521383263,0.0,1.0,False,328
source_only,2028,2.0,11.353558540344238,feh,91,-0.021178714704553927,0.21728316580674073,0.29047942039454666,0.23517980571772035,0.631445594121308,0.20761534224409892,4.65660362964655,0.42860492243393655,False,0.21728316580674073,0.0,1.0,False,328
noise_augmented,2028,2.0,11.353558540344238,teff,91,26.32103837512802,151.41524020676394,214.92833246262737,141.5848592109187,0.946993000120515,120.39389380676509,25.76654464701409,0.00020202269637705625,True,155.54089772206942,-2.652458341006536,0.12173279464600778,False,328
noise_augmented,2028,2.0,11.353558540344238,logg,91,-0.011328371041751441,0.2297213872993168,0.3451535305302565,0.22438692321320625,0.36921666444107726,0.21683235833583733,5.944236857635654,0.1507976132281582,False,0.22892164521383263,0.34935188620417446,0.671933465325933,False,328
noise_augmented,2028,2.0,11.353558540344238,feh,91,-0.007279965846602188,0.21180591263083967,0.28169194176908263,0.22664596141195356,0.6534070570900583,0.2047007752661985,3.4709870323653913,0.6575592696147456,False,0.21728316580674073,-2.520790396055217,0.08370089273422353,False,328
source_only,2028,2.5,9.082846641540527,teff,91,30.519589645888843,175.86806534092955,239.8100486797069,201.63553318346862,0.9340096182762885,122.6261615068485,43.41806281778424,5.5281610009381795e-06,True,175.86806534092955,0.0,1.0,False,699
source_only,2028,2.5,9.082846641540527,logg,91,-0.028751618682028062,0.23696124776269925,0.3480285814053551,0.22161492869734561,0.35866433230670747,0.2164946940060935,9.453605249110497,0.16356449484705748,False,0.23696124776269925,0.0,1.0,False,699
source_only,2028,2.5,9.082846641540527,feh,91,-0.0433469261221259,0.23282608787862208,0.3052841594553343,0.25111506119299143,0.5929203343062514,0.20761534224409892,12.143007044673126,0.04520945661797775,True,0.23282608787862208,0.0,1.0,False,699
noise_augmented,2028,2.5,9.082846641540527,teff,91,27.176869946602157,165.34115104524415,234.2919230074846,160.32431809946158,0.9370116082305967,120.39389380676509,37.33350240388471,5.232762583667865e-05,True,175.86806534092955,-5.985688348409601,0.023096297066838606,True,699
noise_augmented,2028,2.5,9.082846641540527,logg,91,-0.024587845738445115,0.23710876531489622,0.3524090049746685,0.23410667546726777,0.34241853160827873,0.21683235833583733,9.35119053940008,0.06119422273824006,False,0.23696124776269925,0.062253872137230104,0.8215120452656028,False,699
noise_augmented,2028,2.5,9.082846641540527,feh,91,-0.03148393845810467,0.22726236471876868,0.29715148472245,0.2220582729323644,0.6143203913701853,0.2047007752661985,11.021741086828051,0.2124927137755802,False,0.23282608787862208,-2.389647659567218,0.20960360146215606,False,699
source_only,2028,3.0,7.5690388679504395,teff,91,48.44518735669035,204.8986147199359,272.4146343813844,236.68741050903316,0.914845666268306,122.6261615068485,67.09208883496902,1.0185471962921594e-07,True,204.8986147199359,0.0,1.0,False,1370
source_only,2028,3.0,7.5690388679504395,logg,91,-0.04294551928292234,0.24073844075312115,0.3509320908659129,0.20792707428872417,0.3479187103625636,0.2164946940060935,11.198309897768333,0.08299568740095568,False,0.24073844075312115,0.0,1.0,False,1370
source_only,2028,3.0,7.5690388679504395,feh,91,-0.07068683624795738,0.2493185613414539,0.31997538706958306,0.24311703394622933,0.5527977140534839,0.20761534224409892,20.08677135638819,0.01542522652531432,True,0.2493185613414539,0.0,1.0,False,1370
noise_augmented,2028,3.0,7.5690388679504395,teff,91,37.527711785285135,186.06166629218362,258.0984385295807,191.0044010714842,0.9235607107368154,120.39389380676509,54.5441055264952,2.783778477106818e-06,True,204.8986147199359,-9.193301991572477,0.005395718439518821,True,1370
noise_augmented,2028,3.0,7.5690388679504395,logg,91,-0.03755480987564999,0.24119235105206696,0.36098527715451206,0.20859038692725623,0.31002310146793466,0.21683235833583733,11.234482206986861,0.08803462377771548,False,0.24073844075312115,0.18854915630666103,0.9526585314846935,False,1370
noise_augmented,2028,3.0,7.5690388679504395,feh,91,-0.05565782842952053,0.24288444273985088,0.3135611721784129,0.25938437156832395,0.570547211290813,0.2047007752661985,18.653406380116188,0.024070232118303832,True,0.2493185613414539,-2.580681745869362,0.22433668072024138,False,1370
source_only,2029,1.25,18.165693283081055,teff,91,9.84954104692466,127.18287536621116,181.6404228004286,129.13664535094782,0.9621408469293893,122.6261615068485,3.7159394075204633,0.1861879396536159,False,127.18287536621116,0.0,1.0,False,75
source_only,2029,1.25,18.165693283081055,logg,91,-0.001832661396199654,0.2194504261966591,0.32714002872360154,0.2333311843783856,0.43333949266052796,0.2164946940060935,1.3652677282161907,0.9023485573655584,False,0.2194504261966591,0.0,1.0,False,75
source_only,2029,1.25,18.165693283081055,feh,91,0.009148203934848673,0.2098878566655202,0.27800866189589113,0.2362822417215576,0.6624115936110639,0.20761534224409892,1.0945792333350024,0.8276746878168004,False,0.2098878566655202,0.0,1.0,False,75
noise_augmented,2029,1.25,18.165693283081055,teff,91,18.877606264331078,125.71618518837735,179.21414582256955,139.24192415504288,0.963145505449151,120.39389380676509,4.4207319933971645,0.04782130299820678,True,127.18287536621116,-1.1532135703101631,0.5849346408812844,False,75
noise_augmented,2029,1.25,18.165693283081055,logg,91,0.005993590988955449,0.21984150134556457,0.33291783129396135,0.22838396658080598,0.41314651913180744,0.21683235833583733,1.3877739617933704,0.8462249066240853,False,0.2194504261966591,0.1782066025950657,0.9905263665403938,False,75
noise_augmented,2029,1.25,18.165693283081055,feh,91,0.018899822503837035,0.20741264698156756,0.27134716737959086,0.24630571773497728,0.6783959914624321,0.2047007752661985,1.324797970033309,0.2960751241603151,False,0.2098878566655202,-1.1793010435554474,0.8648607517556782,False,75
source_only,2029,1.5,15.138077735900879,teff,91,4.32033284505151,133.73499785594467,187.63607701102893,141.73161166564688,0.9596002595610772,122.6261615068485,9.059107952649859,0.012096646765293251,True,133.73499785594467,0.0,1.0,False,126
source_only,2029,1.5,15.138077735900879,logg,91,-0.008496377933156414,0.22209460195385902,0.3324636377055323,0.21760835503948003,0.4147466933614413,0.2164946940060935,2.5866259556494686,0.9148973020837681,False,0.22209460195385902,0.0,1.0,False,126
source_only,2029,1.5,15.138077735900879,feh,91,0.0011261815579951418,0.2170921809548371,0.2844885558905197,0.25037571395375113,0.6464910039626948,0.20761534224409892,4.564613871163714,0.14634832852479024,False,0.2170921809548371,0.0,1.0,False,126
noise_augmented,2029,1.5,15.138077735900879,teff,91,11.865830490503798,133.22262848112786,185.13587646453132,143.58888129371624,0.9606697181222651,120.39389380676509,10.655635654540063,0.0072864645259291825,True,133.73499785594467,-0.38312287959859637,0.924322974814642,False,126
noise_augmented,2029,1.5,15.138077735900879,logg,91,-0.001170575203258092,0.22019520580746763,0.33520464809763556,0.2368407052808757,0.4050566214276673,0.21683235833583733,1.5508974294426103,0.9810540686128023,False,0.22209460195385902,-0.8552194108643829,0.36894854527435206,False,126
noise_augmented,2029,1.5,15.138077735900879,feh,91,0.012034782530876493,0.2110488223143108,0.2739823312220286,0.2461779310732187,0.672119203149164,0.2047007752661985,3.101134834422159,0.29243130199018896,False,0.2170921809548371,-2.783775359363827,0.45204978161329856,False,126
source_only,2029,2.0,11.353558540344238,teff,91,-0.2392914544973362,155.49242362221509,212.90825889684507,166.61216646826003,0.947984724517342,122.6261615068485,26.801998620442056,4.1245351344359296e-05,True,155.49242362221509,0.0,1.0,False,322
source_only,2029,2.0,11.353558540344238,logg,91,-0.025281829452995036,0.22895224154104685,0.3459735675679711,0.20887961890107046,0.36621579596956544,0.2164946940060935,5.754204550898923,0.9905263665403938,False,0.22895224154104685,0.0,1.0,False,322
source_only,2029,2.0,11.353558540344238,feh,91,-0.019066710351935558,0.2266035829224447,0.2934427517202506,0.26829179489505467,0.6238876087526788,0.20761534224409892,9.145875479674714,0.08370089273422353,False,0.2266035829224447,0.0,1.0,False,322
noise_augmented,2029,2.0,11.353558540344238,teff,91,3.03211456254127,149.1467683103234,203.78788644723355,159.77935170308166,0.952345642744103,120.39389380676509,23.882336216907586,0.0005661439012585001,True,155.49242362221509,-4.081006112110708,0.19971585750214682,False,322
noise_augmented,2029,2.0,11.353558540344238,logg,91,-0.01768767426640575,0.2308826702786234,0.3502039739194242,0.23363637158687384,0.3506217910959686,0.21683235833583733,6.4798040525964495,0.37318199467082636,False,0.22895224154104685,0.843157823912577,0.4737561418396813,False,322
noise_augmented,2029,2.0,11.353558540344238,feh,91,-0.005183723965413426,0.21801555538255005,0.2832766332546519,0.25176580214031735,0.6494964887033143,0.2047007752661985,6.504508885731686,0.4217118538034066,False,0.2266035829224447,-3.789890446186772,0.1188982047908027,False,322
source_only,2029,2.5,9.082846641540527,teff,91,2.1372635200691397,180.70406239603906,242.2479675761166,197.4549685758073,0.9326610763634131,122.6261615068485,47.36175394835871,7.076362531765624e-07,True,180.70406239603906,0.0,1.0,False,677
source_only,2029,2.5,9.082846641540527,logg,91,-0.036596943998074824,0.24061569035053262,0.3641950638369656,0.22028592736131175,0.2976983615262727,0.2164946940060935,11.141610862647845,0.3401568798092366,False,0.24061569035053262,0.0,1.0,False,677
source_only,2029,2.5,9.082846641540527,feh,91,-0.03583789660874128,0.23516679591258624,0.30853378809063603,0.26762132253059845,0.5842078063553086,0.20761534224409892,13.270432411538424,0.08512585783116274,False,0.23516679591258624,0.0,1.0,False,677
noise_augmented,2029,2.5,9.082846641540527,teff,91,0.37913587208291016,166.64259243696148,226.88069537113256,161.77642798946889,0.9409335356533244,120.39389380676509,38.41448861553276,0.00016990614477890989,True,180.70406239603906,-7.781490782570144,0.03322503431364574,True,677
noise_augmented,2029,2.5,9.082846641540527,logg,91,-0.0276140010304504,0.23910143224725808,0.3606544682271574,0.23475320279843126,0.3112871194050407,0.21683235833583733,10.270180190047862,0.21394800872991881,False,0.24061569035053262,-0.6293264171877366,0.7756677190166972,False,677
noise_augmented,2029,2.5,9.082846641540527,feh,91,-0.021767397717830258,0.22598980109242078,0.29818088765048795,0.25033769567736847,0.6116435923374068,0.2047007752661985,10.400070932089744,0.27293003762868084,False,0.23516679591258624,-3.902334419514153,0.154201684620782,False,677
source_only,2029,3.0,7.5690388679504395,teff,91,15.401363195621803,207.5216447867933,275.54241241647566,234.31671585547505,0.9128790106010338,122.6261615068485,69.23113488731644,4.307881452957731e-08,True,207.5216447867933,0.0,1.0,False,1299
source_only,2029,3.0,7.5690388679504395,logg,91,-0.046790042932217064,0.2454077942467438,0.3757801705411557,0.21783899577266025,0.2523070434199566,0.2164946940060935,13.35510801933857,0.1485602511727003,False,0.2454077942467438,0.0,1.0,False,1299
source_only,2029,3.0,7.5690388679504395,feh,91,-0.05461258536064927,0.2424135831334118,0.32252375800474126,0.2485480126010589,0.5456460671175933,0.20761534224409892,16.760919743782555,0.1275602345524378,False,0.2424135831334118,0.0,1.0,False,1299
noise_augmented,2029,3.0,7.5690388679504395,teff,91,5.1693525456580725,187.2694030065288,253.04310459266117,202.4756160989035,0.9265257941449068,120.39389380676509,55.54725998571024,2.3838075124273786e-06,True,207.5216447867933,-9.75909852732305,0.009977827755972193,True,1299
noise_augmented,2029,3.0,7.5690388679504395,logg,91,-0.036943235363606754,0.24295260617311645,0.3771352326167905,0.22937243792473128,0.2469049642588773,0.21683235833583733,12.046286835483833,0.230432502927705,False,0.2454077942467438,-1.0004523618181382,0.276407914997306,False,1299
noise_augmented,2029,3.0,7.5690388679504395,feh,91,-0.04118143709902228,0.23381869211877768,0.30864249922575326,0.25408655988960277,0.5839147479846329,0.2047007752661985,14.224624608633473,0.28345398999963034,False,0.2424135831334118,-3.5455484397934667,0.10894527495599994,False,1299
source_only,2030,1.25,18.165693283081055,teff,91,16.965816856076746,131.53080488379638,190.45116797679458,131.64577753821064,0.958378937096222,122.6261615068485,7.261617967590506,0.03322503431364574,True,131.53080488379638,0.0,1.0,False,79
source_only,2030,1.25,18.165693283081055,logg,91,-0.0012954286952594131,0.21644886491499535,0.33068106491294974,0.21501110000902585,0.4210057826857251,0.2164946940060935,-0.021168690211348373,0.8215120452656028,False,0.21644886491499535,0.0,1.0,False,79
source_only,2030,1.25,18.165693283081055,feh,91,0.008802962258628493,0.21169131177391148,0.28005326507387074,0.22934707287778414,0.6574277742314518,0.20761534224409892,1.9632313709361249,0.8092201116378078,False,0.21169131177391148,0.0,1.0,False,79
noise_augmented,2030,1.25,18.165693283081055,teff,91,25.10060581047993,125.85430375308091,180.7588822193336,126.1892054221418,0.9625074326564304,120.39389380676509,4.535454227504188,0.17086320049605208,False,131.53080488379638,-4.315719907386328,0.4811169349366087,False,79
noise_augmented,2030,1.25,18.165693283081055,logg,91,0.007703155477950932,0.21392267907943033,0.3283251104863518,0.205363523208373,0.4292265421416054,0.21683235833583733,-1.3419026932780964,0.28345398999963034,False,0.21644886491499535,-1.1671051435437674,0.7335704469578599,False,79
noise_augmented,2030,1.25,18.165693283081055,feh,91,0.015902214296391503,0.2079844903625698,0.2745474478310594,0.23395528855985914,0.6707652328112608,0.2047007752661985,1.6041537175914833,0.6013615192108475,False,0.21169131177391148,-1.7510503290284363,0.5239796944009214,False,79
source_only,2030,1.5,15.138077735900879,teff,91,12.956214446462361,136.11491832355884,195.39084260393207,134.83558229864119,0.9561919121276952,122.6261615068485,10.999901367667775,0.03699525573542521,True,136.11491832355884,0.0,1.0,False,114
source_only,2030,1.5,15.138077735900879,logg,91,-0.010558514116884497,0.22017770055886138,0.33820393769534945,0.22051097089570054,0.39436231505568575,0.2164946940060935,1.7011994541834774,0.9023485573655584,False,0.22017770055886138,0.0,1.0,False,114
source_only,2030,1.5,15.138077735900879,feh,91,-0.00020766917589221752,0.2146768950107149,0.28656508088614807,0.2254210018012585,0.6413115385947982,0.20761534224409892,3.401267310155487,0.5795057374620387,False,0.2146768950107149,0.0,1.0,False,114
noise_augmented,2030,1.5,15.138077735900879,teff,91,19.80148959428839,126.72997520161731,183.66315901531487,121.41342048575743,0.9612929578011905,120.39389380676509,5.262792982692099,0.1356649297662371,False,136.11491832355884,-6.8948673940593235,0.14745111940387956,False,114
noise_augmented,2030,1.5,15.138077735900879,logg,91,0.0004912369258892297,0.21405079950703393,0.32870251066206535,0.2130576825525397,0.4279136129736878,0.21683235833583733,-1.2828153741219928,0.4786564412463189,False,0.22017770055886138,-2.782707347872182,0.5035681379548332,False,114
noise_augmented,2030,1.5,15.138077735900879,feh,91,0.007771173400013651,0.21183109842670064,0.2787702046747354,0.24106322644895983,0.6605595640446964,0.2047007752661985,3.4832907453475226,0.3947972550924089,False,0.2146768950107149,-1.3256184760228718,0.867974339318635,False,114
source_only,2030,2.0,11.353558540344238,teff,91,14.052180266327813,149.49830657511848,212.29621083752613,145.8999545963148,0.9482833516281051,122.6261615068485,21.913876075105886,0.0016974576987082088,True,149.49830657511848,0.0,1.0,False,301
source_only,2030,2.0,11.353558540344238,logg,91,-0.03040930433260199,0.22841520278117594,0.355023609016896,0.2123712856187228,0.3326248365566016,0.2164946940060935,5.506143616964088,0.309066942840438,False,0.22841520278117594,0.0,1.0,False,301
source_only,2030,2.0,11.353558540344238,feh,91,-0.022149726106833946,0.2282756741174518,0.30048696783870366,0.28612672884072443,0.6056133993208594,0.20761534224409892,9.951254878390436,0.10549384938383334,False,0.2282756741174518,0.0,1.0,False,301
noise_augmented,2030,2.0,11.353558540344238,teff,91,15.216177961859673,134.70101726769528,194.1680731160409,133.49568152307856,0.9567385045764557,120.39389380676509,11.883595594884099,0.04231531427720342,True,149.49830657511848,-9.897964496332268,0.1188982047908027,False,301
noise_augmented,2030,2.0,11.353558540344238,logg,91,-0.019268494472835632,0.22532733241171185,0.34496634357412254,0.19964706544283753,0.3699006637891987,0.21683235833583733,3.917761233181438,0.6690488004004742,False,0.22841520278117594,-1.3518672714715518,0.9023485573655584,False,301
noise_augmented,2030,2.0,11.353558540344238,feh,91,-0.012790464724978351,0.2197504121293642,0.2860894996186156,0.25577188214454827,0.6425011040601762,0.2047007752661985,7.352017520986287,0.14967574281614876,False,0.2282756741174518,-3.734634459430497,0.14416169304985557,False,301
source_only,2030,2.5,9.082846641540527,teff,91,18.701912164373585,171.00057744623552,235.81817342514591,168.75653673601963,0.9361882833110261,122.6261615068485,39.44869132732771,3.2980805688131445e-05,True,171.00057744623552,0.0,1.0,False,659
source_only,2030,2.5,9.082846641540527,logg,91,-0.048191334476401115,0.24020558138906745,0.36732678771873334,0.2116833574416608,0.2855682068453116,0.2164946940060935,10.952179448012966,0.06341681048184959,False,0.24020558138906745,0.0,1.0,False,659
source_only,2030,2.5,9.082846641540527,feh,91,-0.04107200445284123,0.23930853927649873,0.3121027305035728,0.2745846068265276,0.5745328785008688,0.20761534224409892,15.265344405586978,0.02357890131269313,True,0.23930853927649873,0.0,1.0,False,659
noise_augmented,2030,2.5,9.082846641540527,teff,91,13.859331507756377,148.93040546872746,212.65206915380688,153.00639869255133,0.9481098278154472,120.39389380676509,23.702623745822283,0.0018402477578291529,True,171.00057744623552,-12.906489736531546,0.010092646445878537,True,659
noise_augmented,2030,2.5,9.082846641540527,logg,91,-0.039886542164362444,0.23792628903375895,0.35996412406673883,0.22819577405293243,0.3139211856296751,0.21683235833583733,9.728220852189695,0.26267653057188967,False,0.24020558138906745,-0.9488923371920532,0.27293003762868084,False,659
noise_augmented,2030,2.5,9.082846641540527,feh,91,-0.029066748869527096,0.2299640720483461,0.2973291152467399,0.2553899541752726,0.613859152231029,0.2047007752661985,12.34157357210519,0.03558411826191622,True,0.23930853927649873,-3.9047780143591004,0.09804531777901544,False,659
source_only,2030,3.0,7.5690388679504395,teff,91,30.048977351485497,197.3043513047212,265.3692781698878,207.71427779228966,0.9191933370273904,122.6261615068485,60.89906825771596,1.2652834857659062e-07,True,197.3043513047212,0.0,1.0,False,1308
source_only,2030,3.0,7.5690388679504395,logg,91,-0.06142316499690864,0.24668604538335928,0.37002562643246706,0.22557541114717913,0.27503143420729237,0.2164946940060935,13.945538719030237,0.03808463283128148,True,0.24668604538335928,0.0,1.0,False,1308
source_only,2030,3.0,7.5690388679504395,feh,91,-0.0630066574272519,0.25105866996270904,0.3263365137464763,0.2807490240076166,0.5348401648198122,0.20761534224409892,20.92491202674831,0.013671703669033431,True,0.25105866996270904,0.0,1.0,False,1308
noise_augmented,2030,3.0,7.5690388679504395,teff,91,19.831869793567332,170.9991616335021,237.6561857721831,176.27197277702274,0.9351896851188194,120.39389380676509,42.03308508981327,9.064095028744243e-05,True,197.3043513047212,-13.33229069570432,0.0012394131407618511,True,1308
noise_augmented,2030,3.0,7.5690388679504395,logg,91,-0.05547668019188187,0.24609075754575238,0.36669862092139244,0.23365901808320774,0.2880096220337246,0.21683235833583733,13.49355761956832,0.07490303137407306,False,0.24668604538335928,-0.2413139489434002,0.5958627749282184,False,1308
noise_augmented,2030,3.0,7.5690388679504395,feh,91,-0.05091251969455281,0.24221126170524615,0.3109447030318009,0.2553945023017718,0.5776843315571263,0.2047007752661985,18.324545371295244,0.01593658103037208,True,0.25105866996270904,-3.524040121289984,0.12955021295578134,False,1308
source_only,2031,1.25,18.165693283081055,teff,91,15.667879362560473,131.9019703009188,187.99440649741678,140.0274240167264,0.9594458090810413,122.6261615068485,7.564298417309789,0.2288976202775771,False,131.9019703009188,0.0,1.0,False,67
source_only,2031,1.25,18.165693283081055,logg,91,0.002649094275720675,0.22195796129576884,0.326870830574418,0.2453723789300925,0.43427170017685235,0.2164946940060935,2.523510940883189,0.5741005940578869,False,0.22195796129576884,0.0,1.0,False,67
source_only,2031,1.25,18.165693283081055,feh,91,0.010955629095996676,0.20665652191661615,0.2736351418551071,0.24175338642218197,0.672949655237398,0.20761534224409892,-0.46182537240212485,0.2960751241603151,False,0.20665652191661615,0.0,1.0,False,67
noise_augmented,2031,1.25,18.165693283081055,teff,91,21.53140413254957,125.17142686915143,178.70272828556364,121.21794954527847,0.9633555462551894,120.39389380676509,3.96825196970072,0.5795057374620387,False,131.9019703009188,-5.102686045107918,0.11611561681936446,False,67
noise_augmented,2031,1.25,18.165693283081055,logg,91,0.008002341180930461,0.22271298210896012,0.3373723639251855,0.23488677572113642,0.3973369300309241,0.21683235833583733,2.7120600533314665,0.958964730555913,False,0.22195796129576884,0.34016388003546005,0.9715844411844421,False,67
noise_augmented,2031,1.25,18.165693283081055,feh,91,0.018455184398767234,0.2043993007781812,0.26993935397589636,0.23650265950773977,0.681724450198456,0.2047007752661985,-0.14727569430319498,0.22283090032300001,False,0.20665652191661615,-1.092257392847118,0.5291480630342354,False,67
source_only,2031,1.5,15.138077735900879,teff,91,14.128469345595741,146.38791939871646,199.7320986502552,169.8775468179908,0.9542236019719612,122.6261615068485,19.377396796800905,0.006866513351224165,True,146.38791939871646,0.0,1.0,False,117
source_only,2031,1.5,15.138077735900879,logg,91,-0.005342509707251848,0.22884719494498257,0.33642316976632763,0.24117742992186805,0.4007233339342514,0.2164946940060935,5.7056829940328235,0.31474851486345,False,0.22884719494498257,0.0,1.0,False,117
source_only,2031,1.5,15.138077735900879,feh,91,0.001736175949975019,0.20892247213879483,0.27675611604363753,0.23533885183103004,0.66544669624562,0.20761534224409892,0.6295921489073208,0.5010465384986764,False,0.20892247213879483,0.0,1.0,False,117
noise_augmented,2031,1.5,15.138077735900879,teff,91,19.00674595502365,132.12482859751913,183.9063592142174,145.55833872565697,0.9611903809647419,120.39389380676509,9.743795486490736,0.16237123841374967,False,146.38791939871646,-9.74335236116649,0.0006180009856183359,True,117
noise_augmented,2031,1.5,15.138077735900879,logg,91,0.002330951452036863,0.22826810650794954,0.3436014284777783,0.23561320743557834,0.37487697921347174,0.21683235833583733,5.2740044243766215,0.3482322297466114,False,0.22884719494498257,-0.25304589692359825,0.7098607180884753,False,117
noise_augmented,2031,1.5,15.138077735900879,feh,91,0.009106384396647455,0.20625470243130165,0.2705734536170994,0.23805932762528267,0.6802274068870278,0.2047007752661985,0.7591212896396637,0.4860585137630852,False,0.20892247213879483,-1.276918504832214,0.9337592844588143,False,117
source_only,2031,2.0,11.353558540344238,teff,91,9.94432155511307,164.58843977149166,216.39281480471513,188.54132774206636,0.9462681791040864,122.6261615068485,34.21967853270822,0.00031614990110558256,True,164.58843977149166,0.0,1.0,False,304
source_only,2031,2.0,11.353558540344238,logg,91,-0.01839815480477656,0.23612713312600528,0.3469815546768864,0.2546642854948691,0.3625173808276203,0.2164946940060935,9.068323457090921,0.10982193812022154,False,0.23612713312600528,0.0,1.0,False,304
source_only,2031,2.0,11.353558540344238,feh,91,-0.018430143088342812,0.21038660935272158,0.27760626842292097,0.23148583099479256,0.6633881463529467,0.20761534224409892,1.3348084388505432,0.547439297673483,False,0.21038660935272158,0.0,1.0,False,304
noise_augmented,2031,2.0,11.353558540344238,teff,91,10.853112483992051,143.80511869079785,195.56091430557433,166.15792086719506,0.9561156162431763,120.39389380676509,19.445525137353158,0.051976081162679266,False,164.58843977149166,-12.627448871590607,2.7721104922424716e-05,True,304
noise_augmented,2031,2.0,11.353558540344238,logg,91,-0.008783869035842313,0.23274971531937397,0.3506673909737981,0.25416467565488293,0.34890203879119974,0.21683235833583733,7.340858673355055,0.08370089273422353,False,0.23612713312600528,-1.4303387170795823,0.1875094494463495,False,304
noise_augmented,2031,2.0,11.353558540344238,feh,91,-0.009556033341734483,0.20626765375533437,0.27217179756389354,0.2365475914838707,0.6764382975130602,0.2047007752661985,0.7654482437099874,0.5291480630342354,False,0.21038660935272158,-1.9578031178218214,0.7098607180884753,False,304
source_only,2031,2.5,9.082846641540527,teff,91,17.28332313733227,181.77319837297705,239.58068022156203,229.58981441466815,0.9341357920847423,122.6261615068485,48.233620085078876,0.00020520928808011115,True,181.77319837297705,0.0,1.0,False,696
source_only,2031,2.5,9.082846641540527,logg,91,-0.02443002494481901,0.24523263016899863,0.3671630258710229,0.25714645308691564,0.2862050816644546,0.2164946940060935,13.274198841148621,0.014605015869865585,True,0.24523263016899863,0.0,1.0,False,696
source_only,2031,2.5,9.082846641540527,feh,91,-0.043206144592077375,0.2176815384297769,0.28465484140397007,0.2527493474162736,0.6460776263181073,0.20761534224409892,4.848483776234058,0.8493252072221549,False,0.2176815384297769,0.0,1.0,False,696
noise_augmented,2031,2.5,9.082846641540527,teff,91,13.524558942186708,157.26583778141014,211.06454369860043,189.1777981008032,0.9488816941080809,120.39389380676509,30.626091414424515,0.009977827755972193,True,181.77319837297705,-13.482383987809198,3.657796184645334e-05,True,696
noise_augmented,2031,2.5,9.082846641540527,logg,91,-0.016218209193521398,0.23971124155049794,0.36835489770865093,0.24059580167096228,0.2815633675384087,0.21683235833583733,10.5514155683466,0.0411238191612595,True,0.24523263016899863,-2.2514901930855147,0.07235319798474231,False,696
noise_augmented,2031,2.5,9.082846641540527,feh,91,-0.031260176817065013,0.21611413236289753,0.28077381530707196,0.26401411081586384,0.6556626953948848,0.2047007752661985,5.575629638850543,0.8030915487499334,False,0.2176815384297769,-0.720045474772768,0.996842056222509,False,696
source_only,2031,3.0,7.5690388679504395,teff,91,20.232548357505863,199.262993869432,256.19400173453414,251.60747003497437,0.9246845975883335,122.6261615068485,62.49631515890142,1.2227806996224799e-05,True,199.262993869432,0.0,1.0,False,1351
source_only,2031,3.0,7.5690388679504395,logg,91,-0.03251163883851141,0.24875404880051216,0.367101570291285,0.24658129109441881,0.286444011002308,0.2164946940060935,14.900760012857717,0.01105436346512816,True,0.24875404880051216,0.0,1.0,False,1351
source_only,2031,3.0,7.5690388679504395,feh,91,-0.06666571120946115,0.22953191983490223,0.2957239070916197,0.2611825227403229,0.618017260081734,0.20761534224409892,10.556338155893808,0.33417978261818937,False,0.22953191983490223,0.0,1.0,False,1351
noise_augmented,2031,3.0,7.5690388679504395,teff,91,17.693674707768782,177.12177989996042,232.26898163422192,210.50706302828976,0.9380946308500107,120.39389380676509,47.118574123239874,0.0003309055396531907,True,199.262993869432,-11.111553399614039,0.00020520928808011115,True,1351
noise_augmented,2031,3.0,7.5690388679504395,logg,91,-0.02596713632923787,0.24343669372305765,0.36541147357213083,0.23274360620046078,0.2929991588654798,0.21683235833583733,12.269541129103345,0.024070232118303832,True,0.24875404880051216,-2.1375953891382693,0.1835655932486192,False,1351
noise_augmented,2031,3.0,7.5690388679504395,feh,91,-0.05392063113943039,0.22669937580468602,0.29040782234292434,0.26317925810613374,0.6316272560461434,0.2047007752661985,10.746710905163859,0.2781581363784743,False,0.22953191983490223,-1.2340523410659388,0.7847797995482096,False,1351
source_only,2032,1.25,18.165693283081055,teff,91,16.27303351210131,130.85844293279956,188.7422878553343,141.2669970041586,0.9591225010320964,122.6261615068485,6.713315759697247,0.033553627451618634,True,130.85844293279956,0.0,1.0,False,76
source_only,2032,1.25,18.165693283081055,logg,91,0.002714489970233556,0.21711777009042618,0.323274628161559,0.23388578867370624,0.44665140337339493,0.2164946940060935,0.28780201158886687,0.4835842989672283,False,0.21711777009042618,0.0,1.0,False,76
source_only,2032,1.25,18.165693283081055,feh,91,0.007536781834774932,0.20793923272544182,0.274934925131277,0.23954382598168847,0.6698352586142056,0.20761534224409892,0.1560050802806634,0.2593185737634036,False,0.20793923272544182,0.0,1.0,False,76
noise_augmented,2032,1.25,18.165693283081055,teff,91,25.263815096564965,125.71342974272245,181.21429352905267,108.27534744952641,0.9623182740586957,120.39389380676509,4.41844330119876,0.07490303137407306,False,130.85844293279956,-3.9317395765737895,0.27466521713366265,False,76
noise_augmented,2032,1.25,18.165693283081055,logg,91,0.011931268390281686,0.2169960536762472,0.32984061870287057,0.2373558548257865,0.4239451412891805,0.21683235833583733,0.07549396301649303,0.3421643781649627,False,0.21711777009042618,-0.05606008855392197,0.9715844411844421,False,76
noise_augmented,2032,1.25,18.165693283081055,feh,91,0.013616396580122262,0.20906109348397786,0.27455071600510106,0.2516236815310415,0.670757394436273,0.2047007752661985,2.1300936511398527,0.8030915487499334,False,0.20793923272544182,0.5395137530479044,0.6489947248812183,False,76
source_only,2032,1.5,15.138077735900879,teff,91,11.86182038583142,140.30017866532887,198.46078805330566,157.26005042480392,0.9548044881606278,122.6261615068485,14.41292538337613,0.0022173545421911274,True,140.30017866532887,0.0,1.0,False,123
source_only,2032,1.5,15.138077735900879,logg,91,-0.004327904883321654,0.22218797185918773,0.3323745484793843,0.22943499143362403,0.415060308279964,0.2164946940060935,2.629753989690853,0.7128096687608939,False,0.22218797185918773,0.0,1.0,False,123
source_only,2032,1.5,15.138077735900879,feh,91,-0.0014072387325918534,0.21241957704664804,0.280676303597648,0.24689151685461877,0.65590182801189,0.20761534224409892,2.314007602049295,0.8462249066240853,False,0.21241957704664804,0.0,1.0,False,123
noise_augmented,2032,1.5,15.138077735900879,teff,91,22.203000692514042,133.3053744025037,189.46350172677327,123.16587974709019,0.9588095055059375,120.39389380676509,10.724364988528269,0.017561146572143586,True,140.30017866532887,-4.985598970269689,0.30159760735289987,False,123
noise_augmented,2032,1.5,15.138077735900879,logg,91,0.005240108273623173,0.2204886631446006,0.3403508181184295,0.23269568856443154,0.38664887114857194,0.21683235833583733,1.6862357799476868,0.6263841753673824,False,0.22218797185918773,-0.764806798661477,0.5958627749282184,False,123
noise_augmented,2032,1.5,15.138077735900879,feh,91,0.005767166815311107,0.21239629761009596,0.28038296976836163,0.2495415748758523,0.6566206837856496,0.2047007752661985,3.7594006832118554,0.587657928623154,False,0.21241957704664804,-0.01095917658614498,0.9148973020837681,False,123
source_only,2032,2.0,11.353558540344238,teff,91,8.822894495030916,163.30679338280552,223.87830425731192,176.14027158386156,0.9424864859587968,122.6261615068485,33.17451298814817,2.540043525081939e-05,True,163.30679338280552,0.0,1.0,False,330
source_only,2032,2.0,11.353558540344238,logg,91,-0.015042686441660815,0.2318197901072084,0.3523487169557976,0.2332579913167352,0.3426435025503535,0.2164946940060935,7.078739814604207,0.3626546384656778,False,0.2318197901072084,0.0,1.0,False,330
source_only,2032,2.0,11.353558540344238,feh,91,-0.01722686361738894,0.21852090094209556,0.28762028941994955,0.24939451667556872,0.63866510326103,0.20761534224409892,5.252771100689979,0.44730363997249656,False,0.21852090094209556,0.0,1.0,False,330
noise_augmented,2032,2.0,11.353558540344238,teff,91,13.828588902959076,149.6893048059932,209.55071649169503,140.11105029413574,0.9496123404552973,120.39389380676509,24.332970778607677,0.0011089697612890247,True,163.30679338280552,-8.3385928378936,0.00639135862435156,True,330
noise_augmented,2032,2.0,11.353558540344238,logg,91,-0.006291126721180638,0.22734822644648103,0.3502346934468648,0.21754213095646663,0.35050786054047367,0.21683235833583733,4.849768822029943,0.5448072332065813,False,0.2318197901072084,-1.9288964322931368,0.18487332608830465,False,330
noise_augmented,2032,2.0,11.353558540344238,feh,91,-0.009163299337683528,0.21559570972764133,0.28414979751946245,0.2509679199747143,0.6473323933950278,0.2047007752661985,5.322370883683636,0.4935220629530699,False,0.21852090094209556,-1.3386322323599376,0.6376473020314712,False,330
source_only,2032,2.5,9.082846641540527,teff,91,12.108050937302979,186.0990988774005,256.9099786064107,193.04561084460818,0.9242630464529903,122.6261615068485,51.761334278580605,2.430606033284547e-06,True,186.0990988774005,0.0,1.0,False,705
source_only,2032,2.5,9.082846641540527,logg,91,-0.02701692324745772,0.24336163619608223,0.3732384388291806,0.23760930605501138,0.262387446224123,0.2164946940060935,12.40997721137338,0.061743731054360304,False,0.24336163619608223,0.0,1.0,False,705
source_only,2032,2.5,9.082846641540527,feh,91,-0.03948458572151268,0.22602136542504542,0.29843147130359926,0.2648328332036972,0.6109905883239075,0.20761534224409892,8.865444615988949,0.2593185737634036,False,0.22602136542504542,0.0,1.0,False,705
noise_augmented,2032,2.5,9.082846641540527,teff,91,16.14303428756121,171.24899630290165,240.14935422036535,156.13980052523445,0.9338227475205644,120.39389380676509,42.240599492329856,3.657796184645334e-05,True,186.0990988774005,-7.97967462716297,0.014131561865821835,True,705
noise_augmented,2032,2.5,9.082846641540527,logg,91,-0.021629957046482587,0.23978620491250527,0.3716750590382334,0.22772351842138663,0.26855376409549037,0.21683235833583733,10.585987604818769,0.16356449484705748,False,0.24336163619608223,-1.469184436570825,0.6864286303379371,False,705
noise_augmented,2032,2.5,9.082846641540527,feh,91,-0.026623107678479394,0.22311229678853617,0.2938941513808055,0.2370520640243217,0.6227295798849304,0.2047007752661985,8.9943584719671,0.2124927137755802,False,0.22602136542504542,-1.2870768349879658,0.958964730555913,False,705
source_only,2032,3.0,7.5690388679504395,teff,91,19.75380544138461,203.5064012308087,276.0898189788131,222.76083987969795,0.9125325087817168,122.6261615068485,65.9567572939508,5.535646709903592e-07,True,203.5064012308087,0.0,1.0,False,1351
source_only,2032,3.0,7.5690388679504395,logg,91,-0.030852139333447125,0.24902079399361263,0.38769626597917606,0.24013490816294936,0.20413609668736987,0.2164946940060935,15.023970973904621,0.028046325590924976,True,0.24902079399361263,0.0,1.0,False,1351
source_only,2032,3.0,7.5690388679504395,feh,91,-0.05832353541446253,0.23942474353021412,0.31260967627964664,0.26809879279718296,0.5731495908221528,0.20761534224409892,15.321315343215836,0.11703740319260093,False,0.23942474353021412,0.0,1.0,False,1351
noise_augmented,2032,3.0,7.5690388679504395,teff,91,17.987262212620493,184.33028699289395,253.4625333829775,179.78641018468514,0.9262820195699575,120.39389380676509,53.10600991836696,2.0928378107558965e-05,True,203.5064012308087,-9.422855557337472,0.0009237782122714268,True,1351
noise_augmented,2032,3.0,7.5690388679504395,logg,91,-0.02447199312551126,0.2450510250898727,0.38206176089323646,0.24243252494849354,0.22710105031123728,0.21683235833583733,13.014047797390704,0.10212975123190313,False,0.24902079399361263,-1.5941515726761946,0.6041194523402413,False,1351
noise_augmented,2032,3.0,7.5690388679504395,feh,91,-0.0404162483332955,0.23624894929824347,0.30830868218050245,0.2545749457448115,0.5848143080711812,0.2047007752661985,15.411848827157026,0.10130220913296724,False,0.23942474353021412,-1.3264269119160121,0.695181842715148,False,1351
source_only,2033,1.25,18.165693283081055,teff,91,13.753135265308224,132.04366265153723,196.07323063017418,138.15615806793136,0.9558853848032146,122.6261615068485,7.67984664036212,0.11428916731895716,False,132.04366265153723,0.0,1.0,False,65
source_only,2033,1.25,18.165693283081055,logg,91,-0.007933424285480207,0.22467047523011197,0.32372236493164314,0.23427244637060016,0.44511756147967785,0.2164946940060935,3.7764349198268876,0.027208637027045287,True,0.22467047523011197,0.0,1.0,False,65
source_only,2033,1.25,18.165693283081055,feh,91,0.011467403390202432,0.2051659193902382,0.27116767525382246,0.24947655668667995,0.6788213233018001,0.20761534224409892,-1.1797889440082199,0.19558417985045207,False,0.2051659193902382,0.0,1.0,False,65
noise_augmented,2033,1.25,18.165693283081055,teff,91,21.979642660846626,127.59856490652899,187.12052852206463,132.0509888710579,0.9598219590545884,120.39389380676509,5.98424959269741,0.043125763664527667,True,132.04366265153723,-3.3663847667864566,0.8804487061767386,False,65
noise_augmented,2033,1.25,18.165693283081055,logg,91,0.0012582623024124506,0.22890661267810694,0.334620927553181,0.2383140549904664,0.4071268689618175,0.21683235833583733,5.568474389587452,0.0066251067824846036,True,0.22467047523011197,1.8854891563549803,0.169630095259248,False,65
noise_augmented,2033,1.25,18.165693283081055,feh,91,0.018379113208139047,0.20422441304780797,0.2688909814363807,0.23605997925332012,0.6841918444201291,0.2047007752661985,-0.23271148717979306,0.547439297673483,False,0.2051659193902382,-0.4588999699503882,0.6348235316089395,False,65
source_only,2033,1.5,15.138077735900879,teff,91,6.7934251554719856,143.04376299288697,210.31119999938815,142.94270435711803,0.9492459516716675,122.6261615068485,16.650281828236267,0.010208640220650034,True,143.04376299288697,0.0,1.0,False,112
source_only,2033,1.5,15.138077735900879,logg,91,-0.01545150550839694,0.2290993361431598,0.3231816217347215,0.24274664745306207,0.4469697554370783,0.2164946940060935,5.822148295565865,0.004009700242257393,True,0.2290993361431598,0.0,1.0,False,112
source_only,2033,1.5,15.138077735900879,feh,91,0.002100575670329068,0.2086276433537588,0.275044496805306,0.24639738135602324,0.6695720406016172,0.20761534224409892,0.48758492446558943,0.5369489483455221,False,0.2086276433537588,0.0,1.0,False,112
noise_augmented,2033,1.5,15.138077735900879,teff,91,16.433735189137355,133.820132293701,196.96827502287042,137.74867651891213,0.955481712570246,120.39389380676509,11.151926449430505,0.05245582647477554,False,143.04376299288697,-6.44811804877129,0.1507976132281582,False,112
noise_augmented,2033,1.5,15.138077735900879,logg,91,-0.005601455328228886,0.23477784210858343,0.34294956899698553,0.23526524297665152,0.37724661914684443,0.21683235833583733,8.27620190569136,0.0051382000487746665,True,0.2290993361431598,2.4786217459291215,0.28881772032771225,False,112
noise_augmented,2033,1.5,15.138077735900879,feh,91,0.01103189040477362,0.20458127645825191,0.26967722190207744,0.23251413569440105,0.6823422906138771,0.2047007752661985,-0.058377310877888444,0.27991588622208297,False,0.2086276433537588,-1.939516178422085,0.3071882440434658,False,112
source_only,2033,2.0,11.353558540344238,teff,91,-0.14428324046159585,165.06843149150262,243.14539945433424,158.08062859282782,0.9321612246147933,122.6261615068485,34.61110538168788,0.0002253423034370334,True,165.06843149150262,0.0,1.0,False,300
source_only,2033,2.0,11.353558540344238,logg,91,-0.025445307890574222,0.23278553852013176,0.32641531429278264,0.2320750564997212,0.4358473616766412,0.2164946940060935,7.524823917199441,0.008688041054708197,True,0.23278553852013176,0.0,1.0,False,300
source_only,2033,2.0,11.353558540344238,feh,91,-0.012895634653681872,0.21010304222400475,0.27680785810527375,0.23920091184566253,0.6653215890134025,0.20761534224409892,1.1982255034798772,0.6518444913366914,False,0.21010304222400475,0.0,1.0,False,300
noise_augmented,2033,2.0,11.353558540344238,teff,91,9.14104898842618,150.14558413170872,219.7085399553035,140.62309713085688,0.9446089290310433,120.39389380676509,24.711959538991035,0.0029932582001780802,True,165.06843149150262,-9.04040053264945,0.015258013725705132,True,300
noise_augmented,2033,2.0,11.353558540344238,logg,91,-0.02039532690650831,0.2399342842927349,0.34684114783343806,0.2526158422635843,0.3630331939105881,0.21683235833583733,10.654279709081283,0.01105436346512816,True,0.23278553852013176,3.070957851612799,0.24780039913317775,False,300
noise_augmented,2033,2.0,11.353558540344238,feh,91,-0.006265682834031439,0.20661973807862757,0.26767821463973746,0.231160042055475,0.6870341705233062,0.2047007752661985,0.9374477502264389,0.37958830347776895,False,0.21010304222400475,-1.6579027645222788,0.4402378360437559,False,300
source_only,2033,2.5,9.082846641540527,teff,91,2.486490367847667,190.51986777392958,274.78090033961143,210.91303253766284,0.9133598948940403,122.6261615068485,55.366412381169816,4.324821135826775e-06,True,190.51986777392958,0.0,1.0,False,684
source_only,2033,2.5,9.082846641540527,logg,91,-0.03556969226498306,0.2391512903865875,0.3365678774741634,0.2565477338278864,0.4002076821528848,0.2164946940060935,10.465197073077604,0.003579531040219933,True,0.2391512903865875,0.0,1.0,False,684
source_only,2033,2.5,9.082846641540527,feh,91,-0.030854676534340267,0.21417636003157395,0.28024968591178406,0.2334789299400356,0.6569470662446708,0.20761534224409892,3.1601796459536535,0.9778971635173507,False,0.21417636003157395,0.0,1.0,False,684
noise_augmented,2033,2.5,9.082846641540527,teff,91,6.022239074595256,172.05738650266758,244.8024154700366,192.87634141745914,0.93123344255667,120.39389380676509,42.912053977441374,4.569054247931177e-05,True,190.51986777392958,-9.690580560957308,0.005874552152568342,True,684
noise_augmented,2033,2.5,9.082846641540527,logg,91,-0.034406554988124824,0.24717397865041735,0.3529731435757688,0.24219382039319431,0.3403115252168505,0.21683235833583733,13.993123788095252,0.003959687436166626,True,0.2391512903865875,3.3546497912936957,0.27466521713366265,False,684
noise_augmented,2033,2.5,9.082846641540527,feh,91,-0.019688621360997246,0.20682125969991372,0.266195184934968,0.2385115331359642,0.6904924413504512,0.2047007752661985,1.0358946764894572,0.40588311150079925,False,0.21417636003157395,-3.4341326608482547,0.27293003762868084,False,684
source_only,2033,3.0,7.5690388679504395,teff,91,14.802123169392381,219.3521659141233,303.3930663328926,236.5473853156087,0.894377318563008,122.6261615068485,78.87876715595701,3.765966402387168e-08,True,219.3521659141233,0.0,1.0,False,1319
source_only,2033,3.0,7.5690388679504395,logg,91,-0.04785222039117922,0.2399846774623506,0.34278142898578423,0.25096563141166794,0.3778571117763396,0.2164946940060935,10.850142801003692,0.010929855007247219,True,0.2399846774623506,0.0,1.0,False,1319
source_only,2033,3.0,7.5690388679504395,feh,91,-0.054773157965244575,0.22194260726397255,0.28927468488230457,0.22879349177276634,0.634496342671564,0.20761534224409892,6.900870072997156,0.6291919342841674,False,0.22194260726397255,0.0,1.0,False,1319
noise_augmented,2033,3.0,7.5690388679504395,teff,91,9.139148997436132,196.17702749253723,271.7789359754454,237.45233839081016,0.9152426296208586,120.39389380676509,62.94599442676534,1.1720299049564008e-06,True,219.3521659141233,-10.565265369050048,0.0006840752524266119,True,1319
noise_augmented,2033,3.0,7.5690388679504395,logg,91,-0.048909282312070125,0.24608929664267742,0.35228580243398766,0.2385686746899895,0.34287823351646396,0.21683235833583733,13.492883871846262,0.0035344222071522465,True,0.2399846774623506,2.5437537283123035,0.2124927137755802,False,1319
noise_augmented,2033,3.0,7.5690388679504395,feh,91,-0.043137680348032774,0.20994056298974037,0.27271690743785576,0.259598245391932,0.6751409308835394,0.2047007752661985,2.559730277878969,0.6124271169568892,False,0.22194260726397255,-5.407724286106664,0.034219159397723936,True,1319
source_only,2034,1.25,18.165693283081055,teff,91,13.596113381856927,123.33973017765963,176.895489995976,140.3042823433203,0.9640929763912949,122.6261615068485,0.5819057385819448,0.352315226084597,False,123.33973017765963,0.0,1.0,False,72
source_only,2034,1.25,18.165693283081055,logg,91,0.00024095419671509312,0.2151419578923847,0.3182450976641594,0.22519583305323768,0.4637355398420633,0.2164946940060935,-0.6248356893544638,0.09331740847544162,False,0.2151419578923847,0.0,1.0,False,72
source_only,2034,1.25,18.165693283081055,feh,91,0.015015949145775323,0.2090233717726131,0.27404818616718607,0.23871666766982155,0.6719615640283088,0.20761534224409892,0.6781914637400632,0.4171528128919879,False,0.2090233717726131,0.0,1.0,False,72
noise_augmented,2034,1.25,18.165693283081055,teff,91,18.87841418445847,123.75384244243907,178.1919756594251,134.9443508502399,0.9635647149072957,120.39389380676509,2.7907965507509624,0.9778971635173507,False,123.33973017765963,0.3357492870974754,0.5086313683418362,False,72
noise_augmented,2034,1.25,18.165693283081055,logg,91,0.007370471300550375,0.2172028710295212,0.32990600545080734,0.21791752812569176,0.4237167274120025,0.21683235833583733,0.17087518510960908,0.27466521713366265,False,0.2151419578923847,0.95793175693204,0.9684287227358578,False,72
noise_augmented,2034,1.25,18.165693283081055,feh,91,0.020533653796944627,0.2050192633207112,0.27109258926982116,0.23954449455105312,0.678999166609343,0.2047007752661985,0.15558712667234076,0.7335704469578599,False,0.2090233717726131,-1.9156271463546148,0.13055420034109572,False,72
source_only,2034,1.5,15.138077735900879,teff,91,11.651127493721695,130.4240209111367,183.7142201522184,153.32096393017557,0.9612714325227455,122.6261615068485,6.35905039223843,0.547439297673483,False,130.4240209111367,0.0,1.0,False,116
source_only,2034,1.5,15.138077735900879,logg,91,-0.007568871958570397,0.2155884509459956,0.3201349591961017,0.21797449532002428,0.45734754043258896,0.2164946940060935,-0.41859827755057477,0.15650330155884054,False,0.2155884509459956,0.0,1.0,False,116
source_only,2034,1.5,15.138077735900879,feh,91,0.0066508442090170905,0.21110241743517735,0.2764250245571677,0.23733224157734578,0.6662466893577216,0.20761534224409892,1.6795845400377818,0.3421643781649627,False,0.21110241743517735,0.0,1.0,False,116
noise_augmented,2034,1.5,15.138077735900879,teff,91,13.236120338300315,129.27291608381452,184.63097852214494,137.83480518152902,0.9608839467305003,120.39389380676509,7.374977248680459,0.27293003762868084,False,130.4240209111367,-0.8825865199375116,0.2335241865876413,False,116
noise_augmented,2034,1.5,15.138077735900879,logg,91,0.0009802891943916992,0.2185169530578587,0.3349377069014634,0.21621263505858163,0.40600381390652596,0.21683235833583733,0.7769111284636754,0.2677695544923552,False,0.2155884509459956,1.3583761555931773,0.9810540686128023,False,116
noise_augmented,2034,1.5,15.138077735900879,feh,91,0.013673041446871205,0.20798647477806015,0.27268718763796346,0.23270001276669766,0.6752117311910573,0.2047007752661985,1.6051231401487565,0.4985316452539773,False,0.21110241743517735,-1.4760336214880154,0.3322025577122203,False,116
source_only,2034,2.0,11.353558540344238,teff,91,15.033424016372395,150.46209718585482,204.3536086046641,172.4379780451089,0.9520806952440624,122.6261615068485,22.699834470030055,0.0010195996558103114,True,150.46209718585482,0.0,1.0,False,306
source_only,2034,2.0,11.353558540344238,logg,91,-0.017214865546960136,0.2200569965005359,0.3244985737816849,0.21170526579940596,0.44245342041538493,0.2164946940060935,1.6454456358834024,0.9873687195640669,False,0.2200569965005359,0.0,1.0,False,306
source_only,2034,2.0,11.353558540344238,feh,91,-0.009142438060377987,0.21187486615519088,0.2778675041280037,0.2559715690584302,0.6627543248606571,0.20761534224409892,2.051642169143708,0.5137211594247412,False,0.21187486615519088,0.0,1.0,False,306
noise_augmented,2034,2.0,11.353558540344238,teff,91,10.577902559385306,140.5737662361338,200.03765346126764,144.61998905386895,0.9540834352414875,120.39389380676509,16.761541463022912,0.03699525573542521,True,150.46209718585482,-6.571974693072824,0.01509239892633165,True,306
noise_augmented,2034,2.0,11.353558540344238,logg,91,-0.008016642528685187,0.21858840595027473,0.33530644782084146,0.21318666399894853,0.4046952047931578,0.21683235833583733,0.8098641862842149,0.24618464178226285,False,0.2200569965005359,-0.6673682607758358,0.10720855981358596,False,306
noise_augmented,2034,2.0,11.353558540344238,feh,91,-0.002163249007158714,0.2112613784127618,0.27589874640617723,0.24635398108566073,0.66751632744948,0.2047007752661985,3.2049723006821518,0.5606932060817558,False,0.21187486615519088,-0.28955191975423844,0.7878237952419814,False,306
source_only,2034,2.5,9.082846641540527,teff,91,21.42640481131394,169.18573896470969,226.20796600856738,193.27298341461167,0.941283295108543,122.6261615068485,37.96871473895143,3.5339421000581166e-05,True,169.18573896470969,0.0,1.0,False,687
source_only,2034,2.5,9.082846641540527,logg,91,-0.022928411444246594,0.22109359719486912,0.33100547175890693,0.22388620474404441,0.4198692082595201,0.2164946940060935,2.1242567675336055,0.5633625160778162,False,0.22109359719486912,0.0,1.0,False,687
source_only,2034,2.5,9.082846641540527,feh,91,-0.025506528946802807,0.21940927091962992,0.2845437856191927,0.2484494087454989,0.6463537323521868,0.20761534224409892,5.680663359485516,0.2677695544923552,False,0.21940927091962992,0.0,1.0,False,687
noise_augmented,2034,2.5,9.082846641540527,teff,91,11.974650986556284,154.39122943081682,216.50077243904417,155.0749898875498,0.9462145524874442,120.39389380676509,28.23842185768841,0.0025956132498289835,True,169.18573896470969,-8.744536994917073,0.0028426412418105793,True,687
noise_augmented,2034,2.5,9.082846641540527,logg,91,-0.014507281702844264,0.22239583714508313,0.34335676789860103,0.2197572333995119,0.3757668969863086,0.21683235833583733,2.5657973062437778,0.6661690116824539,False,0.22109359719486912,0.5889993951594175,0.4332364868572134,False,687
noise_augmented,2034,2.5,9.082846641540527,feh,91,-0.016340362022125913,0.21791733923878767,0.2844505630263629,0.25261651355729275,0.6465854184630841,0.2047007752661985,6.456528538009687,0.19695438573950896,False,0.21940927091962992,-0.6799765910478484,0.8245920150122557,False,687
source_only,2034,3.0,7.5690388679504395,teff,91,30.839552994612955,183.7648946774663,246.2937723621351,214.68164054351723,0.9303930270935146,122.6261615068485,49.85782187041976,1.7429494697388608e-06,True,183.7648946774663,0.0,1.0,False,1348
source_only,2034,3.0,7.5690388679504395,logg,91,-0.02763371283973085,0.22411123844511782,0.33604104040249744,0.22065527178520197,0.40208394863121677,0.2164946940060935,3.5181206052144365,0.3263163330279617,False,0.22411123844511782,0.0,1.0,False,1348
source_only,2034,3.0,7.5690388679504395,feh,91,-0.0460879950881747,0.2216993260144586,0.28810930674843693,0.23170713174088062,0.6374353622040068,0.20761534224409892,6.783691233088529,0.3753099533279185,False,0.2216993260144586,0.0,1.0,False,1348
noise_augmented,2034,3.0,7.5690388679504395,teff,91,21.660786105872084,166.85336431895954,234.48970340716957,197.47187750633628,0.9369052184978971,120.39389380676509,38.589557196947986,0.00025507984494736323,True,183.7648946774663,-9.202807961873738,0.00819614291481494,True,1348
noise_augmented,2034,3.0,7.5690388679504395,logg,91,-0.02245719934066587,0.2286855163728143,0.3478253497514534,0.2127359875621954,0.35941313087905913,0.21683235833583733,5.466507917890384,0.5086313683418362,False,0.22411123844511782,2.0410747624406422,0.858639913698223,False,1348
noise_augmented,2034,3.0,7.5690388679504395,feh,91,-0.03202008182631881,0.2198197299918426,0.28532268253957754,0.22713234120722622,0.6444149727644983,0.2047007752661985,7.385880540014078,0.25599046673651604,False,0.2216993260144586,-0.8478131424239921,0.867974339318635,False,1348
source_only,2035,1.25,18.165693283081055,teff,91,17.50272711785258,129.0118612525576,187.99693540773004,139.82165474938745,0.9594447179996269,122.6261615068485,5.20745301593124,0.2643667200944574,False,129.0118612525576,0.0,1.0,False,55
source_only,2035,1.25,18.165693283081055,logg,91,0.0032688523867190613,0.21478501615288487,0.31637616592727896,0.22513592183220169,0.4700155974787188,0.2164946940060935,-0.7897088938172869,0.47131637392565695,False,0.21478501615288487,0.0,1.0,False,55
source_only,2035,1.25,18.165693283081055,feh,91,0.01831359044645156,0.20581956820184455,0.27268130806742,0.22883962057251048,0.6752257369459114,0.20761534224409892,-0.8649524754981819,0.5795057374620387,False,0.20581956820184455,0.0,1.0,False,55
noise_augmented,2035,1.25,18.165693283081055,teff,91,24.619964633927758,125.75420038210709,185.86718672293233,137.5994635460303,0.9603583852008059,120.39389380676509,4.452307675956901,0.16118456217356247,False,129.0118612525576,-2.525086328359538,0.5111729550249525,False,55
noise_augmented,2035,1.25,18.165693283081055,logg,91,0.012170204985272787,0.21726060281306397,0.32567554447990255,0.22871383972912981,0.4384015933665034,0.21683235833583733,0.19750026265146214,0.6235818212174075,False,0.21478501615288487,1.1525881574611319,0.3584962819415639,False,55
noise_augmented,2035,1.25,18.165693283081055,feh,91,0.026052094579747723,0.20380791450512034,0.26953219092755076,0.23197876243662655,0.682683867990544,0.2047007752661985,-0.4361784951312786,0.9905263665403938,False,0.20581956820184455,-0.9773869969212146,0.7696100258185012,False,55
source_only,2035,1.5,15.138077735900879,teff,91,16.357991121732002,140.55946405431726,198.58075816504726,155.5967873560137,0.9547498300138024,122.6261615068485,14.624369161606033,0.006785180339161988,True,140.55946405431726,0.0,1.0,False,92
source_only,2035,1.5,15.138077735900879,logg,91,-0.00023532511004610766,0.21347844121766166,0.3104468451288758,0.2251771887830517,0.4896947073472322,0.2164946940060935,-1.3932225001075271,0.6348235316089395,False,0.21347844121766166,0.0,1.0,False,92
source_only,2035,1.5,15.138077735900879,feh,91,0.011969910234874377,0.20474367271729768,0.2737138068905323,0.22437273363343682,0.6727615863741554,0.20761534224409892,-1.383168264812018,0.46162694263111026,False,0.20474367271729768,0.0,1.0,False,92
noise_augmented,2035,1.5,15.138077735900879,teff,91,21.04966584492791,133.89243275367824,194.59321980523762,130.10858560128062,0.9565488480879716,120.39389380676509,11.211979711013086,0.05642862436064029,False,140.55946405431726,-4.743210530500209,0.0762052048428629,False,92
noise_augmented,2035,1.5,15.138077735900879,logg,91,0.006382655247445333,0.21710034689405494,0.3247130112649392,0.22204932749678116,0.44171629305108895,0.21683235833583733,0.12359251187157305,0.5500776367631817,False,0.21347844121766166,1.696614260313245,0.4103690073862779,False,92
noise_augmented,2035,1.5,15.138077735900879,feh,91,0.018510128225745295,0.20376760309392836,0.27050885295110677,0.21362371721753093,0.6803800830358926,0.2047007752661985,-0.4558713424786198,0.7847797995482096,False,0.20474367271729768,-0.47672761283179543,0.9873687195640669,False,92
source_only,2035,2.0,11.353558540344238,teff,91,17.67669909354937,159.58694623003933,219.9078781881179,186.83707237591486,0.9445083724744141,122.6261615068485,30.141027223727157,8.628310872192008e-05,True,159.58694623003933,0.0,1.0,False,282
source_only,2035,2.0,11.353558540344238,logg,91,-0.011454690452460448,0.21541154494215703,0.30939057708560685,0.23069751242881945,0.49316133745642143,0.2164946940060935,-0.500312060260466,0.7128096687608939,False,0.21541154494215703,0.0,1.0,False,282
source_only,2035,2.0,11.353558540344238,feh,91,-0.006025234690528396,0.21029030277696226,0.2809083704882153,0.21592890632031297,0.6553325829143399,0.20761534224409892,1.2884214162353747,0.71872042792791,False,0.21029030277696226,0.0,1.0,False,282
noise_augmented,2035,2.0,11.353558540344238,teff,91,21.064574423653855,150.5431305876232,217.81800478341057,151.5183970600089,0.9455580794731487,120.39389380676509,25.042164371930966,0.0010634164876949235,True,159.58694623003933,-5.667014662577574,0.0411238191612595,True,282
noise_augmented,2035,2.0,11.353558540344238,logg,91,-0.006057478298416117,0.21756490377847112,0.31826879791137874,0.20686233618842917,0.4636556638368924,0.21683235833583733,0.33783954030477403,0.3626546384656778,False,0.21541154494215703,0.9996487592586201,0.7635663605737124,False,282
noise_augmented,2035,2.0,11.353558540344238,feh,91,0.0010290527207675523,0.21252392373545492,0.2816387744674962,0.21813677855829616,0.6535378785284557,0.2047007752661985,3.8217483344080927,0.6518444913366914,False,0.21029030277696226,1.0621607030837144,0.2593185737634036,False,282
source_only,2035,2.5,9.082846641540527,teff,91,23.277631462572128,188.46615714831208,258.6682450778389,201.64724841406127,0.9232228265799509,122.6261615068485,53.69163874365137,5.5281610009381795e-06,True,188.46615714831208,0.0,1.0,False,674
source_only,2035,2.5,9.082846641540527,logg,91,-0.016687641923244092,0.2154764735043703,0.31068595432339025,0.24417005974543468,0.4889083203738045,0.2164946940060935,-0.47032122722349134,0.6546993514800272,False,0.2154764735043703,0.0,1.0,False,674
source_only,2035,2.5,9.082846641540527,feh,91,-0.02222245484376607,0.21586568863897548,0.2907557593052493,0.22488096438012758,0.6307440341488079,0.20761534224409892,3.973861616246266,0.9526585314846935,False,0.21586568863897548,0.0,1.0,False,674
noise_augmented,2035,2.5,9.082846641540527,teff,91,23.52795688235092,171.8588696128093,250.51164189831283,175.34318017732517,0.9279885239530088,120.39389380676509,42.747164477167445,0.0005579055592182655,True,188.46615714831208,-8.811814166950837,0.0017914687956171926,True,674
noise_augmented,2035,2.5,9.082846641540527,logg,91,-0.011210514450357081,0.21815519106486367,0.31429535466876785,0.22291559058954033,0.4769641041696301,0.21683235833583733,0.6100716420643693,0.5395620327224633,False,0.2154764735043703,1.2431601078894738,0.9180379298261723,False,674
noise_augmented,2035,2.5,9.082846641540527,feh,91,-0.014597812965055912,0.21763369005420813,0.2901387635863538,0.22570287956988908,0.6323095241601466,0.2047007752661985,6.317960824130386,0.5931220260438637,False,0.21586568863897548,0.819028455323223,0.8617492607833667,False,674
source_only,2035,3.0,7.5690388679504395,teff,91,38.04476182874723,215.03222801124633,296.6167947714968,235.0674642934614,0.8990427850729363,122.6261615068485,75.35591538452996,6.389857439367868e-07,True,215.03222801124633,0.0,1.0,False,1341
source_only,2035,3.0,7.5690388679504395,logg,91,-0.022938125336563173,0.21954077831773086,0.3184393199741436,0.2196870846790683,0.46308078471594194,0.2164946940060935,1.407001832364374,0.33417978261818937,False,0.21954077831773086,0.0,1.0,False,1341
source_only,2035,3.0,7.5690388679504395,feh,91,-0.04323043609993352,0.22881915682211218,0.3036081508460832,0.2532298454742529,0.5973777958312088,0.20761534224409892,10.213028742877484,0.2781581363784743,False,0.22881915682211218,0.0,1.0,False,1341
noise_augmented,2035,3.0,7.5690388679504395,teff,91,37.65152777915656,196.92996559014512,280.9444005411554,195.01291409965538,0.9094295245860866,120.39389380676509,63.571390012704576,6.542466874524283e-06,True,215.03222801124633,-8.418395041767624,0.0030712653736416086,True,1341
noise_augmented,2035,3.0,7.5690388679504395,logg,91,-0.021015515063381247,0.22172256249636987,0.3197957800043755,0.21175479836491792,0.45849679898459483,0.21683235833583733,2.255292613180182,0.3034535777861721,False,0.21954077831773086,0.9937944992986392,0.6777172755542011,False,1341
noise_augmented,2035,3.0,7.5690388679504395,feh,91,-0.0348229925504353,0.2250121708723965,0.30330244296052133,0.22967546713340178,0.5981882010483233,0.2047007752661985,9.922481035933783,0.5500776367631817,False,0.22881915682211218,-1.6637531588648002,0.20960360146215606,False,1341
