model,target,noise_factor,approximate_median_snr,mae_mean,mae_std,rmse_mean,rmse_std,r2_mean,r2_std,mae_change_percent_mean,mae_change_percent_std,significant_runs,mae_vs_source_percent_mean,mae_vs_source_percent_std,significant_improvement_runs
noise_augmented,feh,1.25,18.165693283081055,0.20511097247994764,0.0027921126459900126,0.2700350320367647,0.0039832733491918584,0.681436416694254,0.009343563708339338,0.20038869575149332,1.3639971037525713,0,-0.9559265243815773,0.7926693572713721,0
noise_augmented,feh,1.5,15.138077735900879,0.20712503025589832,0.004458356339039272,0.27219827155284565,0.005916444231315852,0.6762377439166554,0.014016019739985857,1.1842920411743718,2.1779870316766026,0,-1.1124805917685732,0.9232340033752524,0
noise_augmented,feh,2.0,11.353558540344238,0.2109893280338042,0.005842063709804197,0.2766688355438133,0.00770265139763855,0.6654244438612293,0.01855041804916138,3.072070811372297,2.853952898911603,0,-1.7292725191331293,1.455735459070036,0
noise_augmented,feh,2.5,9.082846641540527,0.21787314225110538,0.00917307239174982,0.28478325057833065,0.012833295787954925,0.6451108166321441,0.031581403790414686,6.434937516859508,4.481210381260598,1,-1.8795343467196457,1.5458391514749383,0
noise_augmented,feh,3.0,7.5690388679504395,0.22552274843406286,0.014048289058425917,0.2940430458796566,0.017349430858838433,0.6211639428655389,0.04406491936986275,10.17190733195167,6.8628411593249385,2,-2.555831404362303,1.3794337111226902,1
noise_augmented,logg,1.25,18.165693283081055,0.21853802965051966,0.0047547340243983445,0.32989949216355346,0.005584790182175213,0.4235908503217406,0.01934920458045882,0.7866313532597968,2.1928157129730845,1,0.423036005355727,0.8646763100264774,0
noise_augmented,logg,1.5,15.138077735900879,0.22092649413282853,0.006387750694036947,0.3343173848192847,0.008118912954858913,0.4078878814621022,0.028505166106590124,1.8881572051391182,2.945939777191085,1,0.2717212907133193,1.6104625004857385,0
noise_augmented,logg,2.0,11.353558540344238,0.22633114955998387,0.0074559480231209336,0.340964006166723,0.013511991416757548,0.38356677503197345,0.04776330838507268,4.380707426257153,3.43857719407954,1,0.35288467050444416,1.6652150296868224,0
noise_augmented,logg,2.5,9.082846641540527,0.23307498945600394,0.00982327465075451,0.35027682415784805,0.020067589961689527,0.34843253284669723,0.07253369585389721,7.4908704793080005,4.530354567992981,2,0.2315290958547056,1.6966312211033394,0
noise_augmented,logg,3.0,7.5690388679504395,0.23637385299731967,0.011092025468260224,0.3550395717248433,0.025372696305041808,0.329496991416566,0.09224734339869926,9.012259430032023,5.115484401585728,2,-0.03846660579921668,1.7900895358879072,0
noise_augmented,teff,1.25,18.165693283081055,126.26074558456483,1.7050717762508618,183.04200747054057,3.771201279082446,0.9615396431598346,0.001583114360394258,4.873047620850408,1.4162443977329402,4,-2.8757775980669087,1.9684060870230198,0
noise_augmented,teff,1.5,15.138077735900879,132.94743464655053,3.550095642293727,190.557955764872,5.815887195067112,0.9582973176060536,0.002541251081209742,10.427057754219785,2.9487339681792415,4,-4.417696632257745,3.1177378259650297,1
noise_augmented,teff,2.0,11.353558540344238,147.5570442201607,6.24127113358242,209.22775175571877,10.231239661243093,0.9496594333912153,0.004881672702743322,22.56190040417919,5.184042924635202,9,-7.264140279375748,2.9702226849428275,6
noise_augmented,teff,2.5,9.082846641540527,166.03130167362647,9.948386345856436,233.36463156334395,15.79803915538043,0.9372514706237343,0.008396733544262014,37.90674628408517,8.26319843249179,10,-9.191252219114919,2.366579200255762,10
noise_augmented,teff,3.0,7.5690388679504395,185.6796074781816,11.663951326108995,255.719330444984,17.18253338918167,0.9246585211206894,0.010087443228313791,54.22676483593224,9.688158557966325,10,-10.111936175459695,1.4342782436440256,10
source_only,feh,1.25,18.165693283081055,0.2070938780815866,0.0026005352963733635,0.2737103952015807,0.0037519462175753665,0.6727144056110302,0.008960924039554445,-0.25116841408530766,1.2525737588871653,0,0.0,0.0,0
source_only,feh,1.5,15.138077735900879,0.2094670321350395,0.004708890238597116,0.27732997479106175,0.006149784585445362,0.6639091799758527,0.014857081650670536,0.8918849016290477,2.2680839420146195,0,0.0,0.0,0
source_only,feh,2.0,11.353558540344238,0.2147736692072193,0.007767411314513623,0.28339695620172145,0.00925325160558851,0.6488620790651327,0.02308947661565216,3.4478795669657956,3.7412511188028046,0,0.0,0.0,0
source_only,feh,2.5,9.082846641540527,0.22212828226855108,0.010831003830459282,0.29219779675923324,0.013518815424332413,0.6263537740519138,0.03456097858957254,6.9903022905642995,5.216861005255089,2,0.0,0.0,0
source_only,feh,3.0,7.5690388679504395,0.231444509140292,0.014231691061766206,0.3031301029501261,0.017310260753992397,0.5974667666595386,0.04559303438167474,11.477555867801192,6.854835922979925,2,0.0,0.0,0
source_only,logg,1.25,18.165693283081055,0.2176140286169209,0.004122198195970429,0.3225986726615381,0.007033087655455262,0.4487273310915498,0.023736653001360866,0.5170263483667092,1.9040643073933328,1,0.0,0.0,0
source_only,logg,1.5,15.138077735900879,0.2203446784529275,0.005959377607033691,0.3258053156104448,0.010969175139189876,0.4373805621387241,0.03738616131336373,1.7783273925067289,2.752666819107335,1,0.0,0.0,0
source_only,logg,2.0,11.353558540344238,0.22557649486798503,0.0078219750389229,0.3347509557620298,0.01678832430974935,0.40532290416781225,0.058870966394623976,4.1949299975157475,3.6130100438871473,1,0.0,0.0,0
source_only,logg,2.5,9.082846641540527,0.23262078555752502,0.011114642110766066,0.3462558044475581,0.02226537747633121,0.36281889654819316,0.08077087909458047,7.448723686030688,5.133909707021841,2,0.0,0.0,0
source_only,logg,3.0,7.5690388679504395,0.23652409364561464,0.01174358284719166,0.352803254665051,0.024016995380529104,0.3381976483123993,0.08905672188340039,9.251681539574996,5.42442063123317,4,0.0,0.0,0
source_only,teff,1.25,18.165693283081055,130.05759045197772,3.605354263966103,189.24029604263774,6.462256200336022,0.9588633730857603,0.002788429576533707,6.060231237617415,2.940118339890091,3,0.0,0.0,0
source_only,teff,1.5,15.138077735900879,139.2113209082077,5.489493522836255,198.6149441938156,8.665426733298592,0.954656701289282,0.003940033923790074,13.524976397824323,4.476608788353599,8,0.0,0.0,0
source_only,teff,2.0,11.353558540344238,159.19036758735854,6.8508813297776285,221.76912724089283,11.951319019128977,0.9434175513670047,0.006171009940294296,29.817622627344473,5.586802396481286,10,0.0,0.0,0
source_only,teff,2.5,9.082846641540527,182.81611263412094,9.546139898575888,250.93900262587212,16.75404983258313,0.9274527316925931,0.009715012367550242,49.08410276212626,7.784749829295397,10,0.0,0.0,0
source_only,teff,3.0,7.5690388679504395,206.5670377484556,12.583225027226316,277.44750474979986,19.26825917615561,0.9112867231581705,0.012284117577818629,68.45266557325871,10.261452264836294,10,0.0,0.0,0
