method,baseline,target,n_paired_stars,baseline_mae,method_mae,paired_mae_difference,paired_difference_ci_lower,paired_difference_ci_upper,relative_difference_percent,relative_ci_lower_percent,relative_ci_upper_percent,bootstrap_fraction_below_zero,planning_margin_fraction,planning_margin_absolute,conclusion,planning_margin_relation,confidence,bootstrap_replicates,bootstrap_unit
coral_unlabeled,source_only,feh,91,0.21003618943108185,0.2199736168395973,0.009937427408515512,0.00020912999806748113,0.019488589975209632,4.731292943103137,0.09484747407217274,9.683316214492153,0.023,0.05,0.010501809471554093,detectable_harm,ci_crosses_planning_margin_boundary,0.95,5000,object_id_paired
noise_augmented,source_only,feh,91,0.21003618943108185,0.2070579030624621,-0.002978286368619676,-0.009922960668747113,0.0035658582883852786,-1.4179872414781771,-4.4117800177217115,1.8015833293322345,0.8118,0.05,0.010501809471554093,inconclusive_not_equivalent,ci_inside_margin_not_confirmatory_equivalence,0.95,5000,object_id_paired
source_plus_target_retrained,source_only,feh,91,0.21003618943108185,0.2133829614650693,0.0033467720339875624,-0.005496828138211145,0.012059413029943514,1.5934263724041338,-2.6311987712942835,5.895953224975647,0.225,0.05,0.010501809471554093,inconclusive_not_equivalent,ci_crosses_planning_margin_boundary,0.95,5000,object_id_paired
coral_unlabeled,source_only,logg,91,0.22011131383560525,0.21896838945346894,-0.0011429243821363415,-0.013839633657354819,0.010594637663264267,-0.5192483576695919,-6.120591463924661,5.155930345822233,0.5844,0.05,0.011005565691780263,inconclusive_not_equivalent,ci_crosses_planning_margin_boundary,0.95,5000,object_id_paired
noise_augmented,source_only,logg,91,0.22011131383560525,0.224914314502543,0.004803000666937779,-0.004394252501864746,0.014388930834447486,2.1820780509833315,-2.0763977340950777,6.340867546158939,0.16,0.05,0.011005565691780263,inconclusive_not_equivalent,ci_crosses_planning_margin_boundary,0.95,5000,object_id_paired
source_plus_target_retrained,source_only,logg,91,0.22011131383560525,0.22039279461435704,0.000281480778751826,-0.011925357268850769,0.011408461390658594,0.12788110426802315,-4.907625603189064,5.741579930031163,0.4702,0.05,0.011005565691780263,inconclusive_not_equivalent,ci_crosses_planning_margin_boundary,0.95,5000,object_id_paired
coral_unlabeled,source_only,teff,91,171.06151830428686,171.53077693170704,0.4692586274201635,-11.416279550125871,12.068974121262062,0.2743215610804056,-6.183864019350512,7.8253723747166335,0.4626,0.05,8.553075915214343,inconclusive_not_equivalent,ci_crosses_planning_margin_boundary,0.95,5000,object_id_paired
noise_augmented,source_only,teff,91,171.06151830428686,156.67554378367,-14.385974520616825,-23.818769264704173,-5.042096599199153,-8.409825110418366,-13.364494725709944,-3.039151700125206,0.9986,0.05,8.553075915214343,detectable_improvement,ci_crosses_planning_margin_boundary,0.95,5000,object_id_paired
source_plus_target_retrained,source_only,teff,91,171.06151830428686,168.3905166282632,-2.671001676023659,-9.126076710319309,3.6796828834884403,-1.5614275510360198,-5.183639948209185,2.29681780090629,0.7808,0.05,8.553075915214343,inconclusive_not_equivalent,ci_crosses_planning_margin_boundary,0.95,5000,object_id_paired
