method,baseline,target,current_n,paired_difference_sd,current_approx_ci_half_width,current_minimum_detectable_difference,current_mde_percent_of_baseline_mae,planning_effect_fraction,planning_effect_absolute,required_n_for_two_sided_detection,required_n_for_ci_half_width,alpha_two_sided,planning_power,planning_basis,interpretation
coral_unlabeled,source_only,feh,91,0.047493505422677544,0.00975801811999548,0.013948174322944635,6.640843352150693,0.05,0.010501809471554093,161,79,0.050000000000000044,0.8,observed_paired_error_sd_normal_approximation,prospective_design_aid_not_retrospective_evidence
noise_augmented,source_only,feh,91,0.03282916690633621,0.006745082357795869,0.009641464423638389,4.5903824715892565,0.05,0.010501809471554093,77,38,0.050000000000000044,0.8,observed_paired_error_sd_normal_approximation,prospective_design_aid_not_retrospective_evidence
source_plus_target_retrained,source_only,feh,91,0.04265417477610074,0.008763728991036012,0.012526931000008288,5.964177427680237,0.05,0.010501809471554093,130,64,0.050000000000000044,0.8,observed_paired_error_sd_normal_approximation,prospective_design_aid_not_retrospective_evidence
coral_unlabeled,source_only,logg,91,0.05871491989667775,0.012063570527525066,0.01724374587194707,7.834102469092491,0.05,0.011005565691780263,224,110,0.050000000000000044,0.8,observed_paired_error_sd_normal_approximation,prospective_design_aid_not_retrospective_evidence
noise_augmented,source_only,logg,91,0.04578641215317667,0.00940727864713362,0.013446825047993997,6.109102169112961,0.05,0.011005565691780263,136,67,0.050000000000000044,0.8,observed_paired_error_sd_normal_approximation,prospective_design_aid_not_retrospective_evidence
source_plus_target_retrained,source_only,logg,91,0.05800054224987157,0.011916794458670693,0.017033943208164124,7.738785849457189,0.05,0.011005565691780263,218,107,0.050000000000000044,0.8,observed_paired_error_sd_normal_approximation,prospective_design_aid_not_retrospective_evidence
coral_unlabeled,source_only,teff,91,56.54281208791008,11.617289142988264,16.605828369431993,9.707518402761567,0.05,8.553075915214343,344,168,0.050000000000000044,0.8,observed_paired_error_sd_normal_approximation,prospective_design_aid_not_retrospective_evidence
noise_augmented,source_only,teff,91,45.212051920381185,9.289270563520002,13.278143528702028,7.762203714971512,0.05,8.553075915214343,220,108,0.050000000000000044,0.8,observed_paired_error_sd_normal_approximation,prospective_design_aid_not_retrospective_evidence
source_plus_target_retrained,source_only,teff,91,32.95900934427337,6.771759791917845,9.679597320815503,5.658547531185411,0.05,8.553075915214343,117,58,0.050000000000000044,0.8,observed_paired_error_sd_normal_approximation,prospective_design_aid_not_retrospective_evidence
