evaluation,model,target,seed,noise_factor,mean_ood_score,mean_ood_percentile,n,bias,mae,rmse,scatter,r2
target_evaluation_shifted,source_only,teff,2026,1.25,4.27749963286683,0.36243386243386244,91,8.520276115892242,136.99471811595012,199.29324033299872,156.58550362108485,0.9544245439600695
target_evaluation_shifted,source_only,logg,2026,1.25,4.27749963286683,0.36243386243386244,91,0.008718239996896079,0.2157197172694155,0.32602633830201,0.23910256675762057,0.4371911165302723
target_evaluation_shifted,source_only,feh,2026,1.25,4.27749963286683,0.36243386243386244,91,0.016197555084253152,0.20577359962551273,0.2715933775559016,0.22771676352281392,0.6778121040102827
target_evaluation_shifted,noise_augmented,teff,2026,1.25,4.27749963286683,0.36243386243386244,91,18.18165809681646,129.16865624228654,187.05564250644122,134.21475576489152,0.9598498185418606
target_evaluation_shifted,noise_augmented,logg,2026,1.25,4.27749963286683,0.36243386243386244,91,0.01593164755223879,0.21533609806290466,0.3298521819758846,0.2164244780673447,0.4239047508946452
target_evaluation_shifted,noise_augmented,feh,2026,1.25,4.27749963286683,0.36243386243386244,91,0.022842709949004926,0.20341623446552137,0.2655438068966864,0.23332652181460076,0.6920053144068969
target_evaluation_shifted,source_only,teff,2026,1.5,4.587619113693292,0.4085877085877086,91,4.445660800584022,147.82335770715312,211.7655754784889,163.5496311781604,0.9485415605298407
target_evaluation_shifted,source_only,logg,2026,1.5,4.587619113693292,0.4085877085877086,91,0.0054460052136100405,0.21825620942172577,0.33064630529508865,0.24087084001880651,0.4211274985147726
target_evaluation_shifted,source_only,feh,2026,1.5,4.587619113693292,0.4085877085877086,91,0.012219734154328721,0.20620950708143618,0.27298205948502274,0.2254612591383138,0.6745089281091032
target_evaluation_shifted,noise_augmented,teff,2026,1.5,4.587619113693292,0.4085877085877086,91,13.911640537694904,139.46049460286017,197.93219316665005,146.1600737680536,0.9550449215616624
target_evaluation_shifted,noise_augmented,logg,2026,1.5,4.587619113693292,0.4085877085877086,91,0.012807342757453861,0.21721881101463322,0.3357793201822331,0.2177272504229278,0.4030149407616992
target_evaluation_shifted,noise_augmented,feh,2026,1.5,4.587619113693292,0.4085877085877086,91,0.017191048002418,0.20581121419990484,0.2668512930578335,0.24334166013600303,0.6889648353298433
target_evaluation_shifted,source_only,teff,2026,2.0,5.236102331706163,0.49055759055759063,91,-0.6764689060535072,171.06151830428684,239.12358688072018,173.90669842724859,0.934386875529956
target_evaluation_shifted,source_only,logg,2026,2.0,5.236102331706163,0.49055759055759063,91,0.002273157922339407,0.2201113138356053,0.3386917586888994,0.2127396266030074,0.3926139270822081
target_evaluation_shifted,source_only,feh,2026,2.0,5.236102331706163,0.49055759055759063,91,0.0006931968983227712,0.21003618943108185,0.2784441225935391,0.23432045651678884,0.6613531977017648
target_evaluation_shifted,noise_augmented,teff,2026,2.0,5.236102331706163,0.49055759055759063,91,9.672944689628476,156.67554378366992,222.32665201117732,169.19443594212555,0.9432809507781551
target_evaluation_shifted,noise_augmented,logg,2026,2.0,5.236102331706163,0.49055759055759063,91,0.005674991060962514,0.22491431450254307,0.3522398727812863,0.21443377809437425,0.3430495683068159
target_evaluation_shifted,noise_augmented,feh,2026,2.0,5.236102331706163,0.49055759055759063,91,0.006465523306724947,0.20705790306246216,0.26914905333751105,0.23610681931594293,0.6835853508766552
target_evaluation_shifted,source_only,teff,2026,2.5,5.91269289290473,0.5594017094017095,91,-2.150405350569914,201.21807492322554,275.8398059128672,214.92006127667395,0.9126908493858209
target_evaluation_shifted,source_only,logg,2026,2.5,5.91269289290473,0.5594017094017095,91,-0.0057982506354647915,0.22353419146694972,0.3485949458325494,0.21297903259396334,0.35657527825489754
target_evaluation_shifted,source_only,feh,2026,2.5,5.91269289290473,0.5594017094017095,91,-0.013604715333043318,0.2157495400287339,0.28729957590920485,0.24005238884647875,0.6394704732454699
target_evaluation_shifted,noise_augmented,teff,2026,2.5,5.91269289290473,0.5594017094017095,91,2.6490676547877787,182.5015137370462,254.3049482864115,172.90704094397128,0.9257911831136054
target_evaluation_shifted,noise_augmented,logg,2026,2.5,5.91269289290473,0.5594017094017095,91,-0.003174757584984133,0.22839731330705626,0.3624917954943931,0.2183428482636931,0.3042520524007055
target_evaluation_shifted,noise_augmented,feh,2026,2.5,5.91269289290473,0.5594017094017095,91,-0.007558432122844184,0.21270550868319,0.27592267855426234,0.23779056473770796,0.6674586440152623
target_evaluation_shifted,source_only,teff,2026,3.0,6.537113892401655,0.6153032153032153,91,5.723789909838025,229.30592420864454,303.91184668436796,264.6488859034982,0.8940157953403745
target_evaluation_shifted,source_only,logg,2026,3.0,6.537113892401655,0.6153032153032153,91,-0.0163183613094218,0.22985216606449288,0.36232560245769274,0.19279209619057028,0.30488987074202234
target_evaluation_shifted,source_only,feh,2026,3.0,6.537113892401655,0.6153032153032153,91,-0.035288223326139345,0.22526147594650367,0.3004868246501732,0.22694693931730298,0.6056137751882371
target_evaluation_shifted,noise_augmented,teff,2026,3.0,6.537113892401655,0.6153032153032153,91,7.7969513348591315,204.07244537398236,275.78264038132147,212.2177205376556,0.9127270338430107
target_evaluation_shifted,noise_augmented,logg,2026,3.0,6.537113892401655,0.6153032153032153,91,-0.015569953951752561,0.23318907060957197,0.37435922386049636,0.23798719252917067,0.25795089164991114
target_evaluation_shifted,noise_augmented,feh,2026,3.0,6.537113892401655,0.6153032153032153,91,-0.024442966862999852,0.2195138243529611,0.28258604461912934,0.23856553707405895,0.6512033622447437
target_evaluation_shifted,source_only,teff,2027,1.25,4.289048635816984,0.36391941391941385,91,13.318495607480854,128.04034623589712,190.80880824168617,122.43502037060868,0.9582224734270881
target_evaluation_shifted,source_only,logg,2027,1.25,4.289048635816984,0.36391941391941385,91,0.005527538016383775,0.21032510990952394,0.30674619774180023,0.23563672789496673,0.5017882711120358
target_evaluation_shifted,source_only,feh,2027,1.25,4.289048635816984,0.36391941391941385,91,0.02292175439820134,0.2026663657403473,0.2663901837476994,0.24224816779838537,0.6900388214833599
target_evaluation_shifted,noise_augmented,teff,2027,1.25,4.289048635816984,0.36391941391941385,91,16.03318254217933,125.13396107220247,185.04546864795373,120.49709289262903,0.9607081212322459
target_evaluation_shifted,noise_augmented,logg,2027,1.25,4.289048635816984,0.36391941391941385,91,0.013650294567638893,0.21260193254921483,0.3171875019733623,0.21856207094995614,0.46729385766114373
target_evaluation_shifted,noise_augmented,feh,2027,1.25,4.289048635816984,0.36391941391941385,91,0.029663707438630196,0.19933636098040922,0.2617904640524635,0.23352563566165646,0.7006505155372281
target_evaluation_shifted,source_only,teff,2027,1.5,4.613040273582142,0.40984940984940976,91,7.5347938520827675,136.95997090769328,202.05269561569608,143.94493450671234,0.9531537120349516
target_evaluation_shifted,source_only,logg,2027,1.5,4.613040273582142,0.40984940984940976,91,0.0011747938973124478,0.21112404167979634,0.305285422877307,0.23667296169745816,0.5065221017820314
target_evaluation_shifted,source_only,feh,2027,1.5,4.613040273582142,0.40984940984940976,91,0.018908856912106132,0.2011662110217656,0.26550742817225526,0.24184534389899237,0.6920896973675517
target_evaluation_shifted,noise_augmented,teff,2027,1.5,4.613040273582142,0.40984940984940976,91,10.622710142925266,131.10412876249333,193.6987920367287,128.02308690852087,0.9569473676240537
target_evaluation_shifted,noise_augmented,logg,2027,1.5,4.613040273582142,0.40984940984940976,91,0.008579703022817678,0.21519240204023796,0.3184520291586549,0.21671385174220828,0.46303792605422134
target_evaluation_shifted,noise_augmented,feh,2027,1.5,4.613040273582142,0.40984940984940976,91,0.02883103108900816,0.19785759965726785,0.26079221955439874,0.24456688631645201,0.7029290878118464
target_evaluation_shifted,source_only,teff,2027,2.0,5.262342714529921,0.48823768823768826,91,1.8204508597683033,157.29782158820169,225.73312509188915,165.09981085637693,0.9415295448882045
target_evaluation_shifted,source_only,logg,2027,2.0,5.262342714529921,0.48823768823768826,91,-0.008413727086979218,0.21316354211215152,0.3086014161784791,0.21665937600314897,0.4957436213289623
target_evaluation_shifted,source_only,feh,2027,2.0,5.262342714529921,0.48823768823768826,91,0.005871743408451562,0.204362358343499,0.27030600890581113,0.23955921735126015,0.68085924435234
target_evaluation_shifted,noise_augmented,teff,2027,2.0,5.262342714529921,0.48823768823768826,91,3.056648310622852,148.8749681808974,214.39074452285746,137.40552698132743,0.94725783524877
target_evaluation_shifted,noise_augmented,logg,2027,2.0,5.262342714529921,0.48823768823768826,91,-0.00017982138971737075,0.216280255320308,0.3157578628758191,0.21141349546066632,0.47208510081436283
target_evaluation_shifted,noise_augmented,feh,2027,2.0,5.262342714529921,0.48823768823768826,91,0.01635933707335392,0.20099509342300598,0.2649438968615047,0.22876241831992417,0.6933953704727598
target_evaluation_shifted,source_only,teff,2027,2.5,5.871249834340184,0.5543345543345544,91,5.001813073909329,183.32628509745078,259.52626041089434,180.25224030248586,0.9227126344691156
target_evaluation_shifted,source_only,logg,2027,2.5,5.871249834340184,0.5543345543345544,91,-0.01333897807986747,0.22057551715509374,0.31575189742531345,0.21083466993308175,0.4721050478739547
target_evaluation_shifted,source_only,feh,2027,2.5,5.871249834340184,0.5543345543345544,91,-0.009945926075521845,0.20507763614406818,0.270122170089789,0.25691150844280347,0.6812932007235589
target_evaluation_shifted,noise_augmented,teff,2027,2.5,5.871249834340184,0.5543345543345544,91,-0.7309358537276799,170.07503441767986,242.48795208824419,155.32103935058777,0.9325275907986011
target_evaluation_shifted,noise_augmented,logg,2027,2.5,5.871249834340184,0.5543345543345544,91,-0.007518390568184957,0.22099364133370208,0.31659362592550033,0.22773707110086053,0.4692867814165844
target_evaluation_shifted,noise_augmented,feh,2027,2.5,5.871249834340184,0.5543345543345544,91,0.0032079696702567062,0.20121095782398504,0.263795861373804,0.24684099789095448,0.6960467271140605
target_evaluation_shifted,source_only,teff,2027,3.0,6.438549261785566,0.6082621082621082,91,2.7887721638102456,205.72115876138432,278.6494216660109,198.22032900322995,0.9109031852450902
target_evaluation_shifted,source_only,logg,2027,3.0,6.438549261785566,0.6082621082621082,91,-0.021027628841636073,0.22114495298910497,0.3169094307203956,0.2285128871403924,0.4682274715789819
target_evaluation_shifted,source_only,feh,2027,3.0,6.438549261785566,0.6082621082621082,91,-0.02701864538631358,0.20497504755318202,0.2726528201821962,0.24451300501247814,0.6752935938055931
target_evaluation_shifted,noise_augmented,teff,2027,3.0,6.438549261785566,0.6082621082621082,91,-3.970722450899367,186.98097418112286,259.6683802331237,171.89599244329244,0.9226279642385309
target_evaluation_shifted,noise_augmented,logg,2027,3.0,6.438549261785566,0.6082621082621082,91,-0.012454725343775064,0.21532865026789688,0.3038371960400577,0.22996137643861436,0.5111929621983773
target_evaluation_shifted,noise_augmented,feh,2027,3.0,6.438549261785566,0.6082621082621082,91,-0.006539106915326262,0.19907847446688387,0.264637502280088,0.24427615271950043,0.694104106764388
target_evaluation_shifted,source_only,teff,2028,1.25,4.265141371900247,0.3616198616198616,91,26.247076208093354,129.67149260244952,192.50697068783796,130.54852051684674,0.9574755401375613
target_evaluation_shifted,source_only,logg,2028,1.25,4.265141371900247,0.3616198616198616,91,0.002990047105284371,0.22052298721703845,0.32690400967596106,0.22467693047041248,0.4341568455762299
target_evaluation_shifted,source_only,feh,2028,1.25,4.265141371900247,0.3616198616198616,91,0.007199326458448713,0.20631503300382076,0.2745912272676316,0.23313538676850534,0.6706602246465203
target_evaluation_shifted,noise_augmented,teff,2028,1.25,4.265141371900247,0.3616198616198616,91,28.73982492635525,128.74288524675188,187.24922279006924,136.58093233733115,0.9597666742420845
target_evaluation_shifted,noise_augmented,logg,2028,1.25,4.265141371900247,0.3616198616198616,91,0.007960443317234944,0.2205989631621829,0.3332968357940277,0.23342254033020815,0.4118095723277764
target_evaluation_shifted,noise_augmented,feh,2028,1.25,4.265141371900247,0.3616198616198616,91,0.016010240709742853,0.2064480068736099,0.2731156025930973,0.2353790482635939,0.6741903890699769
target_evaluation_shifted,source_only,teff,2028,1.5,4.602054333043679,0.4088115588115588,91,24.573649854275658,136.76461826534072,198.50518620879515,140.39426888184303,0.9547842642984513
target_evaluation_shifted,source_only,logg,2028,1.5,4.602054333043679,0.4088115588115588,91,-0.0022721432285868694,0.22259283580404504,0.3288927082257594,0.22741158662003153,0.4272513672421955
target_evaluation_shifted,source_only,feh,2028,1.5,4.602054333043679,0.4088115588115588,91,-0.0031218418111366385,0.20970974458996466,0.28114087558238016,0.22733459835136535,0.6547617911333756
target_evaluation_shifted,noise_augmented,teff,2028,1.5,4.602054333043679,0.4088115588115588,91,28.244121336772753,136.54143528619014,195.58720267425156,127.24780353991736,0.9561038170919669
target_evaluation_shifted,noise_augmented,logg,2028,1.5,4.602054333043679,0.4088115588115588,91,0.0019721955760710055,0.22345581124586528,0.3384828063326619,0.22771304503340073,0.39336313693724334
target_evaluation_shifted,noise_augmented,feh,2028,1.5,4.602054333043679,0.4088115588115588,91,0.008303201493566338,0.20971521358916123,0.2777569811428514,0.22145590484855746,0.6630225533174994
target_evaluation_shifted,source_only,teff,2028,2.0,5.251761967585701,0.489010989010989,91,27.361523050720425,155.54089772206942,219.9520853928046,177.75123026086717,0.9444860597102869
target_evaluation_shifted,source_only,logg,2028,2.0,5.251761967585701,0.489010989010989,91,-0.016614959366592193,0.2289216452138327,0.3395844693752944,0.20961224660837277,0.38940785781436316
target_evaluation_shifted,source_only,feh,2028,2.0,5.251761967585701,0.489010989010989,91,-0.021178714704553916,0.21728316580674073,0.2904794203945467,0.23517980571772001,0.631445594121308
target_evaluation_shifted,noise_augmented,teff,2028,2.0,5.251761967585701,0.489010989010989,91,26.32103837512796,151.41524020676394,214.92833246262728,141.5848592109214,0.946993000120515
target_evaluation_shifted,noise_augmented,logg,2028,2.0,5.251761967585701,0.489010989010989,91,-0.01132837104175143,0.22972138729931674,0.34515353053025644,0.22438692321320625,0.3692166644410775
target_evaluation_shifted,noise_augmented,feh,2028,2.0,5.251761967585701,0.489010989010989,91,-0.007279965846602185,0.21180591263083967,0.28169194176908263,0.22664596141195356,0.6534070570900583
target_evaluation_shifted,source_only,teff,2028,2.5,5.881118789551524,0.5523809523809523,91,30.519589645888892,175.86806534092943,239.81004867970694,201.6355331834673,0.9340096182762885
target_evaluation_shifted,source_only,logg,2028,2.5,5.881118789551524,0.5523809523809523,91,-0.02875161868202807,0.23696124776269933,0.34802858140535514,0.22161492869734561,0.35866433230670736
target_evaluation_shifted,source_only,feh,2028,2.5,5.881118789551524,0.5523809523809523,91,-0.04334692612212591,0.23282608787862205,0.3052841594553343,0.25111506119299143,0.5929203343062514
target_evaluation_shifted,noise_augmented,teff,2028,2.5,5.881118789551524,0.5523809523809523,91,27.17686994660214,165.34115104524412,234.2919230074846,160.32431809946158,0.9370116082305967
target_evaluation_shifted,noise_augmented,logg,2028,2.5,5.881118789551524,0.5523809523809523,91,-0.02458784573844521,0.23710876531489622,0.3524090049746685,0.23410667546726907,0.34241853160827873
target_evaluation_shifted,noise_augmented,feh,2028,2.5,5.881118789551524,0.5523809523809523,91,-0.03148393845810467,0.2272623647187687,0.29715148472245007,0.2220582729323644,0.6143203913701851
target_evaluation_shifted,source_only,teff,2028,3.0,6.464941416252306,0.6048229548229549,91,48.44518735669025,204.8986147199359,272.41463438138436,236.6874105090345,0.914845666268306
target_evaluation_shifted,source_only,logg,2028,3.0,6.464941416252306,0.6048229548229549,91,-0.04294551928292237,0.2407384407531211,0.35093209086591287,0.20792707428872417,0.34791871036256383
target_evaluation_shifted,source_only,feh,2028,3.0,6.464941416252306,0.6048229548229549,91,-0.07068683624795737,0.24931856134145391,0.31997538706958306,0.243117033946229,0.5527977140534839
target_evaluation_shifted,noise_augmented,teff,2028,3.0,6.464941416252306,0.6048229548229549,91,37.52771178528494,186.06166629218362,258.0984385295807,191.0044010714842,0.9235607107368154
target_evaluation_shifted,noise_augmented,logg,2028,3.0,6.464941416252306,0.6048229548229549,91,-0.03755480987564994,0.24119235105206704,0.3609852771545121,0.2085903869272549,0.31002310146793444
target_evaluation_shifted,noise_augmented,feh,2028,3.0,6.464941416252306,0.6048229548229549,91,-0.05565782842952053,0.24288444273985088,0.31356117217841295,0.25938437156832395,0.5705472112908129
target_evaluation_shifted,source_only,teff,2029,1.25,4.309509510985045,0.36650386650386646,91,9.849541046924715,127.1828753662111,181.6404228004286,129.13664535094782,0.9621408469293893
target_evaluation_shifted,source_only,logg,2029,1.25,4.309509510985045,0.36650386650386646,91,-0.0018326613961996395,0.2194504261966591,0.32714002872360154,0.2333311843783856,0.43333949266052796
target_evaluation_shifted,source_only,feh,2029,1.25,4.309509510985045,0.36650386650386646,91,0.009148203934848666,0.2098878566655202,0.27800866189589113,0.2362822417215575,0.6624115936110639
target_evaluation_shifted,noise_augmented,teff,2029,1.25,4.309509510985045,0.36650386650386646,91,18.877606264331067,125.71618518837745,179.2141458225696,139.24192415504223,0.963145505449151
target_evaluation_shifted,noise_augmented,logg,2029,1.25,4.309509510985045,0.36650386650386646,91,0.005993590988955508,0.21984150134556465,0.33291783129396135,0.22838396658080728,0.41314651913180744
target_evaluation_shifted,noise_augmented,feh,2029,1.25,4.309509510985045,0.36650386650386646,91,0.018899822503837024,0.20741264698156756,0.27134716737959086,0.24630571773497728,0.6783959914624321
target_evaluation_shifted,source_only,teff,2029,1.5,4.629131577582941,0.41438746438746427,91,4.3203328450515,133.7349978559447,187.63607701102893,141.73161166564756,0.9596002595610772
target_evaluation_shifted,source_only,logg,2029,1.5,4.629131577582941,0.41438746438746427,91,-0.008496377933156428,0.22209460195385913,0.3324636377055323,0.21760835503947873,0.4147466933614413
target_evaluation_shifted,source_only,feh,2029,1.5,4.629131577582941,0.41438746438746427,91,0.0011261815579951357,0.2170921809548371,0.2844885558905197,0.25037571395375113,0.6464910039626948
target_evaluation_shifted,noise_augmented,teff,2029,1.5,4.629131577582941,0.41438746438746427,91,11.865830490503878,133.22262848112786,185.1358764645313,143.58888129371624,0.9606697181222651
target_evaluation_shifted,noise_augmented,logg,2029,1.5,4.629131577582941,0.41438746438746427,91,-0.0011705752032580823,0.22019520580746763,0.33520464809763556,0.2368407052808757,0.4050566214276673
target_evaluation_shifted,noise_augmented,feh,2029,1.5,4.629131577582941,0.41438746438746427,91,0.012034782530876486,0.2110488223143108,0.2739823312220286,0.2461779310732187,0.672119203149164
target_evaluation_shifted,source_only,teff,2029,2.0,5.274131594119039,0.4942612942612943,91,-0.2392914544973112,155.49242362221509,212.908258896845,166.6121664682587,0.947984724517342
target_evaluation_shifted,source_only,logg,2029,2.0,5.274131594119039,0.4942612942612943,91,-0.02528182945299502,0.22895224154104693,0.34597356756797115,0.20887961890107176,0.3662157959695652
target_evaluation_shifted,source_only,feh,2029,2.0,5.274131594119039,0.4942612942612943,91,-0.01906671035193555,0.2266035829224447,0.2934427517202505,0.2682917948950548,0.6238876087526788
target_evaluation_shifted,noise_augmented,teff,2029,2.0,5.274131594119039,0.4942612942612943,91,3.032114562541315,149.14676831032344,203.78788644723363,159.77935170308166,0.9523456427441029
target_evaluation_shifted,noise_augmented,logg,2029,2.0,5.274131594119039,0.4942612942612943,91,-0.01768767426640572,0.2308826702786234,0.3502039739194242,0.23363637158687384,0.3506217910959686
target_evaluation_shifted,noise_augmented,feh,2029,2.0,5.274131594119039,0.4942612942612943,91,-0.005183723965413417,0.21801555538255002,0.2832766332546519,0.251765802140317,0.6494964887033143
target_evaluation_shifted,source_only,teff,2029,2.5,5.92628219595911,0.5582621082621082,91,2.1372635200691197,180.70406239603915,242.24796757611654,197.45496857580866,0.9326610763634132
target_evaluation_shifted,source_only,logg,2029,2.5,5.92628219595911,0.5582621082621082,91,-0.0365969439980749,0.24061569035053257,0.3641950638369656,0.22028592736130911,0.2976983615262726
target_evaluation_shifted,source_only,feh,2029,2.5,5.92628219595911,0.5582621082621082,91,-0.035837896608741295,0.23516679591258619,0.308533788090636,0.26762132253059845,0.5842078063553087
target_evaluation_shifted,noise_augmented,teff,2029,2.5,5.92628219595911,0.5582621082621082,91,0.3791358720829551,166.64259243696156,226.88069537113265,161.77642798946889,0.9409335356533244
target_evaluation_shifted,noise_augmented,logg,2029,2.5,5.92628219595911,0.5582621082621082,91,-0.027614001030450388,0.23910143224725805,0.36065446822715747,0.23475320279843126,0.3112871194050405
target_evaluation_shifted,noise_augmented,feh,2029,2.5,5.92628219595911,0.5582621082621082,91,-0.021767397717830258,0.22598980109242084,0.29818088765048795,0.25033769567736863,0.6116435923374068
target_evaluation_shifted,source_only,teff,2029,3.0,6.503171613261624,0.610989010989011,91,15.401363195621817,207.52164478679322,275.54241241647554,234.31671585547642,0.9128790106010339
target_evaluation_shifted,source_only,logg,2029,3.0,6.503171613261624,0.610989010989011,91,-0.046790042932216974,0.24540779424674375,0.3757801705411557,0.21783899577265892,0.2523070434199567
target_evaluation_shifted,source_only,feh,2029,3.0,6.503171613261624,0.610989010989011,91,-0.05461258536064927,0.2424135831334118,0.3225237580047412,0.2485480126010589,0.5456460671175936
target_evaluation_shifted,noise_augmented,teff,2029,3.0,6.503171613261624,0.610989010989011,91,5.169352545658023,187.26940300652888,253.04310459266128,202.4756160989035,0.9265257941449068
target_evaluation_shifted,noise_augmented,logg,2029,3.0,6.503171613261624,0.610989010989011,91,-0.036943235363606726,0.24295260617311645,0.37713523261679044,0.22937243792473128,0.24690496425887742
target_evaluation_shifted,noise_augmented,feh,2029,3.0,6.503171613261624,0.610989010989011,91,-0.04118143709902228,0.23381869211877762,0.30864249922575326,0.25408655988960277,0.5839147479846329
target_evaluation_shifted,source_only,teff,2030,1.25,4.268810839583529,0.36200651200651196,91,16.96581685607674,131.53080488379635,190.45116797679455,131.6457775382093,0.958378937096222
target_evaluation_shifted,source_only,logg,2030,1.25,4.268810839583529,0.36200651200651196,91,-0.0012954286952594424,0.21644886491499518,0.33068106491294974,0.2150111000090232,0.42100578268572497
target_evaluation_shifted,source_only,feh,2030,1.25,4.268810839583529,0.36200651200651196,91,0.00880296225862849,0.21169131177391146,0.28005326507387074,0.22934707287778405,0.6574277742314518
target_evaluation_shifted,noise_augmented,teff,2030,1.25,4.268810839583529,0.36200651200651196,91,25.10060581047997,125.85430375308096,180.75888221933366,126.1892054221445,0.9625074326564304
target_evaluation_shifted,noise_augmented,logg,2030,1.25,4.268810839583529,0.36200651200651196,91,0.0077031554779509025,0.2139226790794304,0.3283251104863518,0.205363523208373,0.42922654214160516
target_evaluation_shifted,noise_augmented,feh,2030,1.25,4.268810839583529,0.36200651200651196,91,0.0159022142963915,0.20798449036256983,0.2745474478310594,0.23395528855985914,0.6707652328112608
target_evaluation_shifted,source_only,teff,2030,1.5,4.607564037129023,0.40980870980870987,91,12.956214446462361,136.11491832355887,195.39084260393204,134.83558229864252,0.9561919121276953
target_evaluation_shifted,source_only,logg,2030,1.5,4.607564037129023,0.40980870980870987,91,-0.010558514116884413,0.22017770055886146,0.33820393769534945,0.22051097089569793,0.39436231505568586
target_evaluation_shifted,source_only,feh,2030,1.5,4.607564037129023,0.40980870980870987,91,-0.00020766917589222332,0.21467689501071488,0.28656508088614807,0.2254210018012585,0.6413115385947982
target_evaluation_shifted,noise_augmented,teff,2030,1.5,4.607564037129023,0.40980870980870987,91,19.80148959428848,126.72997520161731,183.66315901531487,121.41342048575609,0.9612929578011905
target_evaluation_shifted,noise_augmented,logg,2030,1.5,4.607564037129023,0.40980870980870987,91,0.0004912369258892443,0.21405079950703385,0.3287025106620653,0.2130576825525397,0.427913612973688
target_evaluation_shifted,noise_augmented,feh,2030,1.5,4.607564037129023,0.40980870980870987,91,0.007771173400013668,0.21183109842670064,0.27877020467473546,0.24106322644895983,0.6605595640446964
target_evaluation_shifted,source_only,teff,2030,2.0,5.271931018326831,0.49249084249084246,91,14.052180266327943,149.4983065751183,212.29621083752605,145.89995459631413,0.9482833516281051
target_evaluation_shifted,source_only,logg,2030,2.0,5.271931018326831,0.49249084249084246,91,-0.030409304332602062,0.22841520278117602,0.3550236090168961,0.21237128561872148,0.33262483655660113
target_evaluation_shifted,source_only,feh,2030,2.0,5.271931018326831,0.49249084249084246,91,-0.02214972610683394,0.2282756741174518,0.3004869678387036,0.2861267288407244,0.6056133993208594
target_evaluation_shifted,noise_augmented,teff,2030,2.0,5.271931018326831,0.49249084249084246,91,15.216177961859588,134.7010172676952,194.16807311604077,133.49568152307788,0.9567385045764557
target_evaluation_shifted,noise_augmented,logg,2030,2.0,5.271931018326831,0.49249084249084246,91,-0.01926849447283561,0.2253273324117118,0.34496634357412254,0.19964706544283753,0.3699006637891986
target_evaluation_shifted,noise_augmented,feh,2030,2.0,5.271931018326831,0.49249084249084246,91,-0.01279046472497835,0.2197504121293642,0.28608949961861563,0.25577188214454827,0.6425011040601762
target_evaluation_shifted,source_only,teff,2030,2.5,5.927478639769755,0.5596459096459097,91,18.70191216437363,171.00057744623555,235.81817342514594,168.75653673601963,0.9361882833110261
target_evaluation_shifted,source_only,logg,2030,2.5,5.927478639769755,0.5596459096459097,91,-0.04819133447640107,0.24020558138906745,0.36732678771873334,0.2116833574416608,0.2855682068453117
target_evaluation_shifted,source_only,feh,2030,2.5,5.927478639769755,0.5596459096459097,91,-0.04107200445284124,0.23930853927649876,0.3121027305035728,0.2745846068265276,0.5745328785008688
target_evaluation_shifted,noise_augmented,teff,2030,2.5,5.927478639769755,0.5596459096459097,91,13.859331507756306,148.93040546872757,212.652069153807,153.00639869255266,0.9481098278154471
target_evaluation_shifted,noise_augmented,logg,2030,2.5,5.927478639769755,0.5596459096459097,91,-0.039886542164362514,0.23792628903375887,0.3599641240667388,0.22819577405293243,0.3139211856296754
target_evaluation_shifted,noise_augmented,feh,2030,2.5,5.927478639769755,0.5596459096459097,91,-0.02906674886952709,0.2299640720483461,0.29732911524674,0.25538995417527294,0.6138591522310288
target_evaluation_shifted,source_only,teff,2030,3.0,6.527787040573181,0.6126577126577126,91,30.04897735148549,197.3043513047212,265.36927816988776,207.71427779228833,0.9191933370273904
target_evaluation_shifted,source_only,logg,2030,3.0,6.527787040573181,0.6126577126577126,91,-0.061423164996908544,0.24668604538335923,0.37002562643246706,0.22557541114717913,0.27503143420729237
target_evaluation_shifted,source_only,feh,2030,3.0,6.527787040573181,0.6126577126577126,91,-0.06300665742725191,0.2510586699627091,0.3263365137464763,0.28074902400761675,0.5348401648198122
target_evaluation_shifted,noise_augmented,teff,2030,3.0,6.527787040573181,0.6126577126577126,91,19.83186979356729,170.99916163350207,237.6561857721831,176.27197277702138,0.9351896851188194
target_evaluation_shifted,noise_augmented,logg,2030,3.0,6.527787040573181,0.6126577126577126,91,-0.05547668019188185,0.24609075754575233,0.3666986209213924,0.23365901808320905,0.2880096220337248
target_evaluation_shifted,noise_augmented,feh,2030,3.0,6.527787040573181,0.6126577126577126,91,-0.05091251969455281,0.24221126170524612,0.3109447030318009,0.2553945023017718,0.5776843315571263
target_evaluation_shifted,source_only,teff,2031,1.25,4.276486801373543,0.3588726088726089,91,15.667879362560438,131.90197030091872,187.99440649741655,140.0274240167264,0.9594458090810414
target_evaluation_shifted,source_only,logg,2031,1.25,4.276486801373543,0.3588726088726089,91,0.0026490942757206115,0.22195796129576884,0.32687083057441807,0.2453723789300912,0.43427170017685224
target_evaluation_shifted,source_only,feh,2031,1.25,4.276486801373543,0.3588726088726089,91,0.010955629095996679,0.20665652191661615,0.2736351418551071,0.2417533864221818,0.672949655237398
target_evaluation_shifted,noise_augmented,teff,2031,1.25,4.276486801373543,0.3588726088726089,91,21.531404132549625,125.17142686915143,178.7027282855637,121.21794954527847,0.9633555462551894
target_evaluation_shifted,noise_augmented,logg,2031,1.25,4.276486801373543,0.3588726088726089,91,0.008002341180930529,0.22271298210896004,0.3373723639251855,0.23488677572113642,0.3973369300309241
target_evaluation_shifted,noise_augmented,feh,2031,1.25,4.276486801373543,0.3588726088726089,91,0.01845518439876725,0.2043993007781812,0.26993935397589636,0.2365026595077401,0.681724450198456
target_evaluation_shifted,source_only,teff,2031,1.5,4.614091055348605,0.40567765567765557,91,14.128469345595681,146.38791939871646,199.73209865025515,169.87754681799012,0.9542236019719613
target_evaluation_shifted,source_only,logg,2031,1.5,4.614091055348605,0.40567765567765557,91,-0.005342509707251873,0.22884719494498257,0.33642316976632763,0.24117742992186805,0.4007233339342514
target_evaluation_shifted,source_only,feh,2031,1.5,4.614091055348605,0.40567765567765557,91,0.001736175949975021,0.2089224721387948,0.2767561160436375,0.23533885183103004,0.66544669624562
target_evaluation_shifted,noise_augmented,teff,2031,1.5,4.614091055348605,0.40567765567765557,91,19.006745955023664,132.1248285975191,183.90635921421733,145.55833872565697,0.9611903809647419
target_evaluation_shifted,noise_augmented,logg,2031,1.5,4.614091055348605,0.40567765567765557,91,0.002330951452036834,0.2282681065079495,0.34360142847777825,0.23561320743557834,0.37487697921347185
target_evaluation_shifted,noise_augmented,feh,2031,1.5,4.614091055348605,0.40567765567765557,91,0.00910638439664746,0.20625470243130165,0.2705734536170994,0.23805932762528237,0.6802274068870278
target_evaluation_shifted,source_only,teff,2031,2.0,5.25064433678934,0.4841880341880341,91,9.944321555113175,164.58843977149166,216.39281480471524,188.54132774206434,0.9462681791040863
target_evaluation_shifted,source_only,logg,2031,2.0,5.25064433678934,0.4841880341880341,91,-0.01839815480477655,0.23612713312600536,0.3469815546768865,0.25466428549486775,0.36251738082762
target_evaluation_shifted,source_only,feh,2031,2.0,5.25064433678934,0.4841880341880341,91,-0.018430143088342798,0.21038660935272158,0.27760626842292097,0.23148583099479256,0.6633881463529467
target_evaluation_shifted,noise_augmented,teff,2031,2.0,5.25064433678934,0.4841880341880341,91,10.85311248399206,143.80511869079785,195.56091430557424,166.15792086719506,0.9561156162431763
target_evaluation_shifted,noise_augmented,logg,2031,2.0,5.25064433678934,0.4841880341880341,91,-0.00878386903584226,0.23274971531937397,0.3506673909737982,0.25416467565488166,0.3489020387911995
target_evaluation_shifted,noise_augmented,feh,2031,2.0,5.25064433678934,0.4841880341880341,91,-0.0095560333417345,0.20626765375533437,0.2721717975638936,0.2365475914838707,0.6764382975130601
target_evaluation_shifted,source_only,teff,2031,2.5,5.8860732406855565,0.5507122507122507,91,17.2833231373322,181.77319837297696,239.58068022156198,229.58981441466545,0.9341357920847423
target_evaluation_shifted,source_only,logg,2031,2.5,5.8860732406855565,0.5507122507122507,91,-0.024430024944818985,0.24523263016899854,0.3671630258710228,0.25714645308691564,0.2862050816644549
target_evaluation_shifted,source_only,feh,2031,2.5,5.8860732406855565,0.5507122507122507,91,-0.04320614459207738,0.2176815384297769,0.28465484140397007,0.2527493474162736,0.6460776263181073
target_evaluation_shifted,noise_augmented,teff,2031,2.5,5.8860732406855565,0.5507122507122507,91,13.524558942186813,157.26583778141008,211.06454369860046,189.1777981008032,0.9488816941080808
target_evaluation_shifted,noise_augmented,logg,2031,2.5,5.8860732406855565,0.5507122507122507,91,-0.016218209193521436,0.239711241550498,0.3683548977086509,0.24059580167096228,0.2815633675384088
target_evaluation_shifted,noise_augmented,feh,2031,2.5,5.8860732406855565,0.5507122507122507,91,-0.03126017681706502,0.21611413236289753,0.28077381530707196,0.2640141108158637,0.6556626953948848
target_evaluation_shifted,source_only,teff,2031,3.0,6.4755516318376936,0.6036223036223037,91,20.232548357505777,199.26299386943208,256.19400173453425,251.60747003497502,0.9246845975883335
target_evaluation_shifted,source_only,logg,2031,3.0,6.4755516318376936,0.6036223036223037,91,-0.03251163883851143,0.24875404880051213,0.36710157029128493,0.2465812910944175,0.2864440110023082
target_evaluation_shifted,source_only,feh,2031,3.0,6.4755516318376936,0.6036223036223037,91,-0.06666571120946115,0.22953191983490223,0.2957239070916197,0.26118252274032283,0.618017260081734
target_evaluation_shifted,noise_augmented,teff,2031,3.0,6.4755516318376936,0.6036223036223037,91,17.693674707768903,177.12177989996042,232.26898163422194,210.50706302828976,0.9380946308500105
target_evaluation_shifted,noise_augmented,logg,2031,3.0,6.4755516318376936,0.6036223036223037,91,-0.025967136329237885,0.24343669372305765,0.3654114735721308,0.2327436062004621,0.2929991588654799
target_evaluation_shifted,noise_augmented,feh,2031,3.0,6.4755516318376936,0.6036223036223037,91,-0.0539206311394304,0.22669937580468602,0.29040782234292434,0.26317925810613374,0.6316272560461434
target_evaluation_shifted,source_only,teff,2032,1.25,4.235307318104877,0.35547415547415545,91,16.273033512101268,130.85844293279973,188.74228785533435,141.26699700415995,0.9591225010320964
target_evaluation_shifted,source_only,logg,2032,1.25,4.235307318104877,0.35547415547415545,91,0.0027144899702334826,0.21711777009042627,0.32327462816155905,0.23388578867370624,0.4466514033733947
target_evaluation_shifted,source_only,feh,2032,1.25,4.235307318104877,0.35547415547415545,91,0.007536781834774932,0.20793923272544182,0.274934925131277,0.23954382598168847,0.6698352586142056
target_evaluation_shifted,noise_augmented,teff,2032,1.25,4.235307318104877,0.35547415547415545,91,25.26381509656513,125.71342974272243,181.2142935290527,108.27534744952574,0.9623182740586957
target_evaluation_shifted,noise_augmented,logg,2032,1.25,4.235307318104877,0.35547415547415545,91,0.011931268390281745,0.21699605367624705,0.3298406187028705,0.2373558548257865,0.4239451412891807
target_evaluation_shifted,noise_augmented,feh,2032,1.25,4.235307318104877,0.35547415547415545,91,0.013616396580122278,0.20906109348397786,0.27455071600510106,0.2516236815310417,0.670757394436273
target_evaluation_shifted,source_only,teff,2032,1.5,4.5542121858495275,0.4020757020757021,91,11.861820385831379,140.30017866532884,198.46078805330575,157.26005042480392,0.9548044881606277
target_evaluation_shifted,source_only,logg,2032,1.5,4.5542121858495275,0.4020757020757021,91,-0.0043279048833217175,0.22218797185918782,0.33237454847938436,0.22943499143362403,0.41506030827996376
target_evaluation_shifted,source_only,feh,2032,1.5,4.5542121858495275,0.4020757020757021,91,-0.0014072387325918616,0.21241957704664804,0.280676303597648,0.24689151685461877,0.6559018280118899
target_evaluation_shifted,noise_augmented,teff,2032,1.5,4.5542121858495275,0.4020757020757021,91,22.203000692514063,133.3053744025037,189.4635017267732,123.16587974709019,0.9588095055059375
target_evaluation_shifted,noise_augmented,logg,2032,1.5,4.5542121858495275,0.4020757020757021,91,0.005240108273623212,0.22048866314460053,0.34035081811842954,0.23269568856443285,0.3866488711485717
target_evaluation_shifted,noise_augmented,feh,2032,1.5,4.5542121858495275,0.4020757020757021,91,0.005767166815311104,0.2123962976100959,0.2803829697683616,0.2495415748758523,0.6566206837856498
target_evaluation_shifted,source_only,teff,2032,2.0,5.15324863636278,0.47997557997558,91,8.822894495030905,163.30679338280555,223.87830425731195,176.14027158386023,0.9424864859587968
target_evaluation_shifted,source_only,logg,2032,2.0,5.15324863636278,0.47997557997558,91,-0.01504268644166084,0.2318197901072084,0.3523487169557976,0.2332579913167352,0.3426435025503535
target_evaluation_shifted,source_only,feh,2032,2.0,5.15324863636278,0.47997557997558,91,-0.017226863617388944,0.21852090094209556,0.28762028941994955,0.24939451667556856,0.63866510326103
target_evaluation_shifted,noise_augmented,teff,2032,2.0,5.15324863636278,0.47997557997558,91,13.828588902959142,149.68930480599323,209.550716491695,140.11105029413844,0.9496123404552973
target_evaluation_shifted,noise_augmented,logg,2032,2.0,5.15324863636278,0.47997557997558,91,-0.006291126721180628,0.22734822644648112,0.35023469344686475,0.21754213095646663,0.3505078605404738
target_evaluation_shifted,noise_augmented,feh,2032,2.0,5.15324863636278,0.47997557997558,91,-0.009163299337683522,0.2155957097276414,0.2841497975194624,0.2509679199747143,0.6473323933950279
target_evaluation_shifted,source_only,teff,2032,2.5,5.8016654393485645,0.5496336996336996,91,12.108050937303098,186.09909887740048,256.9099786064106,193.04561084460548,0.9242630464529904
target_evaluation_shifted,source_only,logg,2032,2.5,5.8016654393485645,0.5496336996336996,91,-0.027016923247457712,0.2433616361960823,0.37323843882918073,0.23760930605501138,0.2623874462241228
target_evaluation_shifted,source_only,feh,2032,2.5,5.8016654393485645,0.5496336996336996,91,-0.03948458572151268,0.22602136542504542,0.29843147130359926,0.2648328332036972,0.6109905883239074
target_evaluation_shifted,noise_augmented,teff,2032,2.5,5.8016654393485645,0.5496336996336996,91,16.143034287561246,171.2489963029016,240.14935422036524,156.13980052523445,0.9338227475205644
target_evaluation_shifted,noise_augmented,logg,2032,2.5,5.8016654393485645,0.5496336996336996,91,-0.0216299570464826,0.23978620491250524,0.3716750590382334,0.22772351842138663,0.26855376409549037
target_evaluation_shifted,noise_augmented,feh,2032,2.5,5.8016654393485645,0.5496336996336996,91,-0.026623107678479387,0.22311229678853617,0.2938941513808055,0.23705206402432144,0.6227295798849304
target_evaluation_shifted,source_only,teff,2032,3.0,6.424615768981293,0.6065323565323565,91,19.7538054413847,203.50640123080865,276.08981897881296,222.7608398796993,0.9125325087817169
target_evaluation_shifted,source_only,logg,2032,3.0,6.424615768981293,0.6065323565323565,91,-0.030852139333447107,0.24902079399361265,0.38769626597917606,0.24013490816295066,0.20413609668736976
target_evaluation_shifted,source_only,feh,2032,3.0,6.424615768981293,0.6065323565323565,91,-0.05832353541446253,0.23942474353021412,0.3126096762796466,0.2680987927971829,0.5731495908221529
target_evaluation_shifted,noise_augmented,teff,2032,3.0,6.424615768981293,0.6065323565323565,91,17.98726221262046,184.33028699289395,253.46253338297754,179.78641018468377,0.9262820195699575
target_evaluation_shifted,noise_augmented,logg,2032,3.0,6.424615768981293,0.6065323565323565,91,-0.02447199312551123,0.2450510250898727,0.38206176089323646,0.24243252494849224,0.22710105031123728
target_evaluation_shifted,noise_augmented,feh,2032,3.0,6.424615768981293,0.6065323565323565,91,-0.04041624833329549,0.23624894929824353,0.30830868218050245,0.2545749457448115,0.5848143080711812
target_evaluation_shifted,source_only,teff,2033,1.25,4.331003114358469,0.3661782661782661,91,13.75313526530826,132.04366265153726,196.07323063017415,138.15615806793002,0.9558853848032146
target_evaluation_shifted,source_only,logg,2033,1.25,4.331003114358469,0.3661782661782661,91,-0.007933424285480177,0.2246704752301119,0.32372236493164314,0.23427244637059885,0.44511756147967785
target_evaluation_shifted,source_only,feh,2033,1.25,4.331003114358469,0.3661782661782661,91,0.011467403390202427,0.2051659193902382,0.27116767525382246,0.24947655668667995,0.6788213233018001
target_evaluation_shifted,noise_augmented,teff,2033,1.25,4.331003114358469,0.3661782661782661,91,21.979642660846633,127.59856490652909,187.12052852206472,132.05098887105726,0.9598219590545884
target_evaluation_shifted,noise_augmented,logg,2033,1.25,4.331003114358469,0.3661782661782661,91,0.001258262302412475,0.228906612678107,0.334620927553181,0.2383140549904664,0.4071268689618175
target_evaluation_shifted,noise_augmented,feh,2033,1.25,4.331003114358469,0.3661782661782661,91,0.018379113208139036,0.20422441304780795,0.2688909814363807,0.23605997925332012,0.6841918444201291
target_evaluation_shifted,source_only,teff,2033,1.5,4.678400802500737,0.4130443630443631,91,6.793425155471965,143.04376299288697,210.3111999993883,142.94270435711803,0.9492459516716675
target_evaluation_shifted,source_only,logg,2033,1.5,4.678400802500737,0.4130443630443631,91,-0.015451505508396983,0.2290993361431599,0.3231816217347215,0.24274664745306337,0.4469697554370783
target_evaluation_shifted,source_only,feh,2033,1.5,4.678400802500737,0.4130443630443631,91,0.002100575670329061,0.20862764335375886,0.27504449680530607,0.24639738135602324,0.6695720406016172
target_evaluation_shifted,noise_augmented,teff,2033,1.5,4.678400802500737,0.4130443630443631,91,16.43373518913732,133.82013229370105,196.96827502287042,137.74867651891213,0.955481712570246
target_evaluation_shifted,noise_augmented,logg,2033,1.5,4.678400802500737,0.4130443630443631,91,-0.005601455328228959,0.23477784210858352,0.34294956899698553,0.23526524297665152,0.37724661914684443
target_evaluation_shifted,noise_augmented,feh,2033,1.5,4.678400802500737,0.4130443630443631,91,0.011031890404773615,0.20458127645825191,0.26967722190207744,0.23251413569440105,0.6823422906138771
target_evaluation_shifted,source_only,teff,2033,2.0,5.325632998301257,0.4939560439560441,91,-0.14428324046154087,165.0684314915027,243.14539945433432,158.08062859282782,0.9321612246147933
target_evaluation_shifted,source_only,logg,2033,2.0,5.325632998301257,0.4939560439560441,91,-0.025445307890574198,0.23278553852013176,0.32641531429278264,0.23207505649971988,0.4358473616766412
target_evaluation_shifted,source_only,feh,2033,2.0,5.325632998301257,0.4939560439560441,91,-0.012895634653681867,0.21010304222400475,0.27680785810527375,0.23920091184566245,0.6653215890134027
target_evaluation_shifted,noise_augmented,teff,2033,2.0,5.325632998301257,0.4939560439560441,91,9.1410489884262,150.14558413170863,219.70853995530345,140.62309713085688,0.9446089290310433
target_evaluation_shifted,noise_augmented,logg,2033,2.0,5.325632998301257,0.4939560439560441,91,-0.02039532690650839,0.23993428429273497,0.3468411478334381,0.25261584226358297,0.36303319391058797
target_evaluation_shifted,noise_augmented,feh,2033,2.0,5.325632998301257,0.4939560439560441,91,-0.006265682834031434,0.20661973807862757,0.26767821463973746,0.231160042055475,0.6870341705233062
target_evaluation_shifted,source_only,teff,2033,2.5,5.938916252983604,0.5568579568579568,91,2.4864903678476415,190.5198677739296,274.78090033961155,210.9130325376615,0.9133598948940402
target_evaluation_shifted,source_only,logg,2033,2.5,5.938916252983604,0.5568579568579568,91,-0.0355696922649831,0.23915129038658756,0.3365678774741635,0.25654773382788776,0.4002076821528845
target_evaluation_shifted,source_only,feh,2033,2.5,5.938916252983604,0.5568579568579568,91,-0.030854676534340274,0.21417636003157395,0.28024968591178406,0.2334789299400356,0.6569470662446707
target_evaluation_shifted,noise_augmented,teff,2033,2.5,5.938916252983604,0.5568579568579568,91,6.022239074595311,172.0573865026675,244.8024154700365,192.8763414174598,0.9312334425566701
target_evaluation_shifted,noise_augmented,logg,2033,2.5,5.938916252983604,0.5568579568579568,91,-0.03440655498812494,0.24717397865041738,0.35297314357576887,0.24219382039319298,0.3403115252168504
target_evaluation_shifted,noise_augmented,feh,2033,2.5,5.938916252983604,0.5568579568579568,91,-0.019688621360997253,0.20682125969991372,0.266195184934968,0.23851153313596413,0.6904924413504512
target_evaluation_shifted,source_only,teff,2033,3.0,6.5465360490374325,0.6117826617826618,91,14.802123169392152,219.35216591412342,303.3930663328927,236.54738531561273,0.8943773185630078
target_evaluation_shifted,source_only,logg,2033,3.0,6.5465360490374325,0.6117826617826618,91,-0.047852220391179284,0.2399846774623506,0.34278142898578423,0.25096563141166794,0.3778571117763395
target_evaluation_shifted,source_only,feh,2033,3.0,6.5465360490374325,0.6117826617826618,91,-0.054773157965244575,0.22194260726397255,0.2892746848823046,0.22879349177276617,0.634496342671564
target_evaluation_shifted,noise_augmented,teff,2033,3.0,6.5465360490374325,0.6117826617826618,91,9.139148997436113,196.1770274925371,271.77893597544534,237.45233839081016,0.9152426296208587
target_evaluation_shifted,noise_augmented,logg,2033,3.0,6.5465360490374325,0.6117826617826618,91,-0.048909282312070125,0.24608929664267742,0.35228580243398777,0.2385686746899895,0.34287823351646374
target_evaluation_shifted,noise_augmented,feh,2033,3.0,6.5465360490374325,0.6117826617826618,91,-0.04313768034803279,0.2099405629897404,0.2727169074378558,0.2595982453919315,0.6751409308835394
target_evaluation_shifted,source_only,teff,2034,1.25,4.273891109112965,0.3625763125763125,91,13.596113381856927,123.33973017765963,176.89548999597602,140.3042823433203,0.9640929763912949
target_evaluation_shifted,source_only,logg,2034,1.25,4.273891109112965,0.3625763125763125,91,0.00024095419671506385,0.2151419578923847,0.3182450976641594,0.22519583305323637,0.4637355398420634
target_evaluation_shifted,source_only,feh,2034,1.25,4.273891109112965,0.3625763125763125,91,0.01501594914577531,0.2090233717726131,0.27404818616718607,0.23871666766982155,0.6719615640283088
target_evaluation_shifted,noise_augmented,teff,2034,1.25,4.273891109112965,0.3625763125763125,91,18.878414184458485,123.75384244243916,178.19197565942522,134.9443508502399,0.9635647149072956
target_evaluation_shifted,noise_augmented,logg,2034,1.25,4.273891109112965,0.3625763125763125,91,0.007370471300550341,0.2172028710295212,0.3299060054508073,0.21791752812569176,0.4237167274120026
target_evaluation_shifted,noise_augmented,feh,2034,1.25,4.273891109112965,0.3625763125763125,91,0.02053365379694464,0.20501926332071124,0.27109258926982116,0.23954449455105295,0.678999166609343
target_evaluation_shifted,source_only,teff,2034,1.5,4.603713545095788,0.4085266585266584,91,11.65112749372166,130.4240209111366,183.71422015221825,153.32096393017423,0.9612714325227455
target_evaluation_shifted,source_only,logg,2034,1.5,4.603713545095788,0.4085266585266584,91,-0.0075688719585703486,0.21558845094599566,0.3201349591961017,0.21797449532002428,0.45734754043258885
target_evaluation_shifted,source_only,feh,2034,1.5,4.603713545095788,0.4085266585266584,91,0.006650844209017083,0.21110241743517735,0.2764250245571677,0.23733224157734595,0.6662466893577215
target_evaluation_shifted,noise_augmented,teff,2034,1.5,4.603713545095788,0.4085266585266584,91,13.236120338300184,129.27291608381444,184.63097852214486,137.8348051815297,0.9608839467305003
target_evaluation_shifted,noise_augmented,logg,2034,1.5,4.603713545095788,0.4085266585266584,91,0.0009802891943917137,0.2185169530578587,0.33493770690146335,0.21621263505858163,0.40600381390652607
target_evaluation_shifted,noise_augmented,feh,2034,1.5,4.603713545095788,0.4085266585266584,91,0.01367304144687121,0.20798647477806015,0.27268718763796346,0.23270001276669766,0.6752117311910572
target_evaluation_shifted,source_only,teff,2034,2.0,5.271295284312426,0.4913512413512414,91,15.03342401637231,150.4620971858547,204.35360860466395,172.4379780451096,0.9520806952440625
target_evaluation_shifted,source_only,logg,2034,2.0,5.271295284312426,0.4913512413512414,91,-0.017214865546960126,0.22005699650053584,0.3244985737816848,0.21170526579940463,0.44245342041538527
target_evaluation_shifted,source_only,feh,2034,2.0,5.271295284312426,0.4913512413512414,91,-0.009142438060377985,0.21187486615519088,0.2778675041280037,0.25597156905843005,0.6627543248606571
target_evaluation_shifted,noise_augmented,teff,2034,2.0,5.271295284312426,0.4913512413512414,91,10.577902559385295,140.57376623613385,200.03765346126764,144.61998905386895,0.9540834352414875
target_evaluation_shifted,noise_augmented,logg,2034,2.0,5.271295284312426,0.4913512413512414,91,-0.008016642528685143,0.21858840595027473,0.33530644782084146,0.21318666399894987,0.4046952047931578
target_evaluation_shifted,noise_augmented,feh,2034,2.0,5.271295284312426,0.4913512413512414,91,-0.0021632490071587154,0.21126137841276182,0.27589874640617723,0.24635398108566073,0.66751632744948
target_evaluation_shifted,source_only,teff,2034,2.5,5.883129381349913,0.5567969067969067,91,21.426404811314026,169.18573896470954,226.2079660085672,193.27298341460897,0.941283295108543
target_evaluation_shifted,source_only,logg,2034,2.5,5.883129381349913,0.5567969067969067,91,-0.022928411444246514,0.22109359719486904,0.3310054717589068,0.22388620474404441,0.41986920825952057
target_evaluation_shifted,source_only,feh,2034,2.5,5.883129381349913,0.5567969067969067,91,-0.025506528946802828,0.21940927091962992,0.28454378561919264,0.2484494087454989,0.6463537323521868
target_evaluation_shifted,noise_augmented,teff,2034,2.5,5.883129381349913,0.5567969067969067,91,11.974650986556293,154.3912294308169,216.50077243904423,155.0749898875498,0.9462145524874441
target_evaluation_shifted,noise_augmented,logg,2034,2.5,5.883129381349913,0.5567969067969067,91,-0.014507281702844332,0.2223958371450831,0.34335676789860103,0.21975723339950926,0.3757668969863087
target_evaluation_shifted,noise_augmented,feh,2034,2.5,5.883129381349913,0.5567969067969067,91,-0.016340362022125906,0.21791733923878767,0.2844505630263629,0.25261651355729275,0.6465854184630841
target_evaluation_shifted,source_only,teff,2034,3.0,6.449052125053042,0.6085063085063085,91,30.839552994612838,183.76489467746617,246.29377236213503,214.6816405435159,0.9303930270935146
target_evaluation_shifted,source_only,logg,2034,3.0,6.449052125053042,0.6085063085063085,91,-0.027633712839730856,0.2241112384451178,0.33604104040249744,0.22065527178520197,0.40208394863121677
target_evaluation_shifted,source_only,feh,2034,3.0,6.449052125053042,0.6085063085063085,91,-0.04608799508817469,0.2216993260144586,0.28810930674843693,0.23170713174088078,0.6374353622040068
target_evaluation_shifted,noise_augmented,teff,2034,3.0,6.449052125053042,0.6085063085063085,91,21.66078610587212,166.85336431895945,234.48970340716954,197.47187750633628,0.9369052184978971
target_evaluation_shifted,noise_augmented,logg,2034,3.0,6.449052125053042,0.6085063085063085,91,-0.02245719934066583,0.2286855163728143,0.3478253497514534,0.2127359875621954,0.35941313087905913
target_evaluation_shifted,noise_augmented,feh,2034,3.0,6.449052125053042,0.6085063085063085,91,-0.0320200818263188,0.2198197299918426,0.28532268253957754,0.2271323412072262,0.6444149727644983
target_evaluation_shifted,source_only,teff,2035,1.25,4.280896287786118,0.3643467643467642,91,17.502727117852658,129.01186125255748,187.99693540772995,139.82165474938745,0.9594447179996269
target_evaluation_shifted,source_only,logg,2035,1.25,4.280896287786118,0.3643467643467642,91,0.0032688523867190904,0.21478501615288487,0.31637616592727896,0.225135921832203,0.4700155974787189
target_evaluation_shifted,source_only,feh,2035,1.25,4.280896287786118,0.3643467643467642,91,0.01831359044645157,0.20581956820184455,0.27268130806742,0.22883962057251064,0.6752257369459114
target_evaluation_shifted,noise_augmented,teff,2035,1.25,4.280896287786118,0.3643467643467642,91,24.619964633927772,125.75420038210699,185.8671867229323,137.5994635460303,0.9603583852008059
target_evaluation_shifted,noise_augmented,logg,2035,1.25,4.280896287786118,0.3643467643467642,91,0.012170204985272812,0.21726060281306406,0.32567554447990255,0.22871383972912981,0.4384015933665033
target_evaluation_shifted,noise_augmented,feh,2035,1.25,4.280896287786118,0.3643467643467642,91,0.026052094579747737,0.20380791450512034,0.26953219092755076,0.23197876243662655,0.682683867990544
target_evaluation_shifted,source_only,teff,2035,1.5,4.60300121322555,0.41153846153846146,91,16.357991121732088,140.55946405431717,198.5807581650473,155.59678735601233,0.9547498300138024
target_evaluation_shifted,source_only,logg,2035,1.5,4.60300121322555,0.41153846153846146,91,-0.0002353251100460735,0.21347844121766166,0.31044684512887577,0.2251771887830504,0.4896947073472323
target_evaluation_shifted,source_only,feh,2035,1.5,4.60300121322555,0.41153846153846146,91,0.011969910234874384,0.20474367271729768,0.2737138068905323,0.22437273363343685,0.6727615863741554
target_evaluation_shifted,noise_augmented,teff,2035,1.5,4.60300121322555,0.41153846153846146,91,21.049665844927908,133.89243275367826,194.5932198052377,130.10858560127926,0.9565488480879716
target_evaluation_shifted,noise_augmented,logg,2035,1.5,4.60300121322555,0.41153846153846146,91,0.006382655247445416,0.21710034689405489,0.3247130112649392,0.2220493274967825,0.44171629305108895
target_evaluation_shifted,noise_augmented,feh,2035,1.5,4.60300121322555,0.41153846153846146,91,0.018510128225745288,0.20376760309392836,0.2705088529511068,0.21362371721753126,0.6803800830358926
target_evaluation_shifted,source_only,teff,2035,2.0,5.229164113461118,0.49179894179894174,91,17.676699093549285,159.58694623003953,219.90787818811816,186.83707237591622,0.944508372474414
target_evaluation_shifted,source_only,logg,2035,2.0,5.229164113461118,0.49179894179894174,91,-0.011454690452460453,0.2154115449421571,0.3093905770856069,0.23069751242881945,0.4931613374564213
target_evaluation_shifted,source_only,feh,2035,2.0,5.229164113461118,0.49179894179894174,91,-0.00602523469052839,0.21029030277696226,0.2809083704882153,0.2159289063203128,0.6553325829143399
target_evaluation_shifted,noise_augmented,teff,2035,2.0,5.229164113461118,0.49179894179894174,91,21.064574423653884,150.5431305876232,217.81800478341054,151.5183970600089,0.9455580794731487
target_evaluation_shifted,noise_augmented,logg,2035,2.0,5.229164113461118,0.49179894179894174,91,-0.006057478298416176,0.21756490377847118,0.31826879791137885,0.20686233618843047,0.46365566383689194
target_evaluation_shifted,noise_augmented,feh,2035,2.0,5.229164113461118,0.49179894179894174,91,0.0010290527207675497,0.21252392373545492,0.28163877446749613,0.21813677855829616,0.6535378785284557
target_evaluation_shifted,source_only,teff,2035,2.5,5.8526033251487455,0.5575295075295075,91,23.27763146257196,188.46615714831202,258.66824507783883,201.64724841406127,0.9232228265799509
target_evaluation_shifted,source_only,logg,2035,2.5,5.8526033251487455,0.5575295075295075,91,-0.016687641923244144,0.2154764735043703,0.31068595432339025,0.24417005974543468,0.4889083203738046
target_evaluation_shifted,source_only,feh,2035,2.5,5.8526033251487455,0.5575295075295075,91,-0.02222245484376607,0.21586568863897548,0.2907557593052493,0.22488096438012767,0.630744034148808
target_evaluation_shifted,noise_augmented,teff,2035,2.5,5.8526033251487455,0.5575295075295075,91,23.527956882351006,171.85886961280923,250.5116418983128,175.34318017732653,0.9279885239530089
target_evaluation_shifted,noise_augmented,logg,2035,2.5,5.8526033251487455,0.5575295075295075,91,-0.011210514450357145,0.2181551910648636,0.31429535466876785,0.22291559058954033,0.4769641041696302
target_evaluation_shifted,noise_augmented,feh,2035,2.5,5.8526033251487455,0.5575295075295075,91,-0.014597812965055912,0.2176336900542081,0.2901387635863538,0.22570287956988905,0.6323095241601466
target_evaluation_shifted,source_only,teff,2035,3.0,6.411012340426578,0.6090354090354091,91,38.04476182874724,215.03222801124627,296.61679477149676,235.06746429346003,0.8990427850729363
target_evaluation_shifted,source_only,logg,2035,3.0,6.411012340426578,0.6090354090354091,91,-0.022938125336563118,0.2195407783177309,0.31843931997414365,0.21968708467906697,0.4630807847159417
target_evaluation_shifted,source_only,feh,2035,3.0,6.411012340426578,0.6090354090354091,91,-0.0432304360999335,0.22881915682211218,0.3036081508460833,0.2532298454742529,0.5973777958312088
target_evaluation_shifted,noise_augmented,teff,2035,3.0,6.411012340426578,0.6090354090354091,91,37.65152777915657,196.9299655901451,280.9444005411554,195.01291409965538,0.9094295245860866
target_evaluation_shifted,noise_augmented,logg,2035,3.0,6.411012340426578,0.6090354090354091,91,-0.021015515063381198,0.22172256249636987,0.3197957800043755,0.21175479836491792,0.45849679898459494
target_evaluation_shifted,noise_augmented,feh,2035,3.0,6.411012340426578,0.6090354090354091,91,-0.0348229925504353,0.2250121708723965,0.30330244296052133,0.22967546713340178,0.5981882010483233
